EmbedID,Name,Username,Password,Age,BirthDate,CountryID,GovernrateID
0,Tamer,Tamer,123,33,Wed Jun 08 1988 04:59:47 GMT+0300 (Eastern European Summer Time),1,1
1,Salma,Salma,123,33,Wed Jun 08 1988 04:59:47 GMT+0300 (Eastern European Summer Time),1,1
2,Haneen,Haneen,123,33,Wed Jun 08 1988 04:59:47 GMT+0300 (Eastern European Summer Time),1,1
3,Haneen,Haneen,123,33,Wed Jun 08 1988 04:59:47 GMT+0300 (Eastern European Summer Time),1,1
4,Hagar,Hagar,123,33,Wed Jun 08 1988 04:59:47 GMT+0300 (Eastern European Summer Time),1,1
5,Yomna,Yomna,123,33,Wed Jun 08 1988 04:59:47 GMT+0300 (Eastern European Summer Time),1,1
6,Nour,Nour,123,33,Wed Jun 08 1988 04:59:47 GMT+0300 (Eastern European Summer Time),1,1
7,Sara,Sara,123,33,Wed Jun 08 1988 04:59:47 GMT+0300 (Eastern European Summer Time),1,1
8,Yomna,Yomna,123,33,Wed Jun 08 1988 04:59:47 GMT+0300 (Eastern European Summer Time),1,1
9,Nour,Nour,123,33,Wed Jun 08 1988 04:59:47 GMT+0300 (Eastern European Summer Time),1,1
10,Tamer,Tamer,123,33,Wed Jun 08 1988 04:59:47 GMT+0300 (Eastern European Summer Time),1,1
11,Assem,Assem,123,33,Wed Jun 08 1988 04:59:47 GMT+0300 (Eastern European Summer Time),1,1
12,Haneen,Haneen,123,33,Wed Jun 08 1988 04:59:47 GMT+0300 (Eastern European Summer Time),1,1
13,Haneen,Haneen,123,33,Wed Jun 08 1988 04:59:47 GMT+0300 (Eastern European Summer Time),1,1
14,Assem,Assem,123,33,Wed Jun 08 1988 04:59:47 GMT+0300 (Eastern European Summer Time),1,1
15,Raghda,Raghda,123,33,Wed Jun 08 1988 04:59:47 GMT+0300 (Eastern European Summer Time),1,1
16,Assem,Assem,123,33,Wed Jun 08 1988 04:59:47 GMT+0300 (Eastern European Summer Time),1,1
17,Nour,Nour,123,33,Wed Jun 08 1988 04:59:47 GMT+0300 (Eastern European Summer Time),1,1
18,Salma,Salma,123,33,Wed Jun 08 1988 04:59:47 GMT+0300 (Eastern European Summer Time),1,1
19,Tamer,Tamer,123,33,Wed Jun 08 1988 04:59:47 GMT+0300 (Eastern European Summer Time),1,1
20,Sara,Sara,123,33,Wed Jun 08 1988 04:59:47 GMT+0300 (Eastern European Summer Time),1,1
21,Nour,Nour,123,33,Wed Jun 08 1988 04:59:47 GMT+0300 (Eastern European Summer Time),1,1
22,Sara,Sara,123,33,Wed Jun 08 1988 04:59:47 GMT+0300 (Eastern European Summer Time),1,1
23,Yomna,Yomna,123,33,Wed Jun 08 1988 04:59:47 GMT+0300 (Eastern European Summer Time),1,1
24,Assem,Assem,123,33,Wed Jun 08 1988 04:59:47 GMT+0300 (Eastern European Summer Time),1,1
25,Assem,Assem,123,33,Wed Jun 08 1988 04:59:47 GMT+0300 (Eastern European Summer Time),1,1
26,Salma,Salma,123,33,Wed Jun 08 1988 04:59:47 GMT+0300 (Eastern European Summer Time),1,1
27,Sara,Sara,123,33,Wed Jun 08 1988 04:59:47 GMT+0300 (Eastern European Summer Time),1,1
28,Raghda,Raghda,123,33,Wed Jun 08 1988 04:59:47 GMT+0300 (Eastern European Summer Time),1,1
29,Yomna,Yomna,123,33,Wed Jun 08 1988 04:59:47 GMT+0300 (Eastern European Summer Time),1,1
30,Mohamed,Mohamed,123,33,Wed Jun 08 1988 04:59:47 GMT+0300 (Eastern European Summer Time),1,1
31,Hagar,Hagar,123,33,Wed Jun 08 1988 04:59:47 GMT+0300 (Eastern European Summer Time),1,1
32,Nour,Nour,123,33,Wed Jun 08 1988 04:59:47 GMT+0300 (Eastern European Summer Time),1,1
33,Mohamed,Mohamed,123,33,Wed Jun 08 1988 04:59:47 GMT+0300 (Eastern European Summer Time),1,1
34,Nour,Nour,123,33,Wed Jun 08 1988 04:59:47 GMT+0300 (Eastern European Summer Time),1,1
35,Hagar,Hagar,123,33,Wed Jun 08 1988 04:59:47 GMT+0300 (Eastern European Summer Time),1,1
36,Tamer,Tamer,123,33,Wed Jun 08 1988 04:59:47 GMT+0300 (Eastern European Summer Time),1,1
37,Salma,Salma,123,33,Wed Jun 08 1988 04:59:47 GMT+0300 (Eastern European Summer Time),1,1
38,Mohamed,Mohamed,123,33,Wed Jun 08 1988 04:59:47 GMT+0300 (Eastern European Summer Time),1,1
39,Nour,Nour,123,33,Wed Jun 08 1988 04:59:47 GMT+0300 (Eastern European Summer Time),1,1
40,Hagar,Hagar,123,33,Wed Jun 08 1988 04:59:47 GMT+0300 (Eastern European Summer Time),1,1
41,Assem,Assem,123,33,Wed Jun 08 1988 04:59:47 GMT+0300 (Eastern European Summer Time),1,1
42,Yomna,Yomna,123,33,Wed Jun 08 1988 04:59:47 GMT+0300 (Eastern European Summer Time),1,1
43,Haneen,Haneen,123,33,Wed Jun 08 1988 04:59:47 GMT+0300 (Eastern European Summer Time),1,1
44,Haneen,Haneen,123,33,Wed Jun 08 1988 04:59:47 GMT+0300 (Eastern European Summer Time),1,1
45,Sara,Sara,123,33,Wed Jun 08 1988 04:59:47 GMT+0300 (Eastern European Summer Time),1,1
46,Tamer,Tamer,123,33,Wed Jun 08 1988 04:59:47 GMT+0300 (Eastern European Summer Time),1,1
47,Mohamed,Mohamed,123,33,Wed Jun 08 1988 04:59:47 GMT+0300 (Eastern European Summer Time),1,1
48,Tamer,Tamer,123,33,Wed Jun 08 1988 04:59:47 GMT+0300 (Eastern European Summer Time),1,1
49,Assem,Assem,123,33,Wed Jun 08 1988 04:59:47 GMT+0300 (Eastern European Summer Time),1,1
50,Tamer,Tamer,123,33,Wed Jun 08 1988 04:59:47 GMT+0300 (Eastern European Summer Time),1,1
51,Haneen,Haneen,123,33,Wed Jun 08 1988 04:59:47 GMT+0300 (Eastern European Summer Time),1,1
52,Mohamed,Mohamed,123,33,Wed Jun 08 1988 04:59:47 GMT+0300 (Eastern European Summer Time),1,1
53,Sara,Sara,123,33,Wed Jun 08 1988 04:59:47 GMT+0300 (Eastern European Summer Time),1,1
54,Haneen,Haneen,123,33,Wed Jun 08 1988 04:59:47 GMT+0300 (Eastern European Summer Time),1,1
55,Mohamed,Mohamed,123,33,Wed Jun 08 1988 04:59:47 GMT+0300 (Eastern European Summer Time),1,1
56,Yomna,Yomna,123,33,Wed Jun 08 1988 04:59:47 GMT+0300 (Eastern European Summer Time),1,1
57,Mohamed,Mohamed,123,33,Wed Jun 08 1988 04:59:47 GMT+0300 (Eastern European Summer Time),1,1
58,Salma,Salma,123,33,Wed Jun 08 1988 04:59:47 GMT+0300 (Eastern European Summer Time),1,1
59,Salma,Salma,123,33,Wed Jun 08 1988 04:59:47 GMT+0300 (Eastern European Summer Time),1,1
60,Tamer,Tamer,123,33,Wed Jun 08 1988 04:59:47 GMT+0300 (Eastern European Summer Time),1,1
61,Mohamed,Mohamed,123,33,Wed Jun 08 1988 04:59:47 GMT+0300 (Eastern European Summer Time),1,1
62,Mohamed,Mohamed,123,33,Wed Jun 08 1988 04:59:47 GMT+0300 (Eastern European Summer Time),1,1
63,Mohamed,Mohamed,123,33,Wed Jun 08 1988 04:59:47 GMT+0300 (Eastern European Summer Time),1,1
64,Raghda,Raghda,123,33,Wed Jun 08 1988 04:59:47 GMT+0300 (Eastern European Summer Time),1,1
65,Nour,Nour,123,33,Wed Jun 08 1988 04:59:47 GMT+0300 (Eastern European Summer Time),1,1
66,Hagar,Hagar,123,33,Wed Jun 08 1988 04:59:47 GMT+0300 (Eastern European Summer Time),1,1
67,Hagar,Hagar,123,33,Wed Jun 08 1988 04:59:47 GMT+0300 (Eastern European Summer Time),1,1
68,Raghda,Raghda,123,33,Wed Jun 08 1988 04:59:47 GMT+0300 (Eastern European Summer Time),1,1
69,Nour,Nour,123,33,Wed Jun 08 1988 04:59:47 GMT+0300 (Eastern European Summer Time),1,1
70,Raghda,Raghda,123,33,Wed Jun 08 1988 04:59:47 GMT+0300 (Eastern European Summer Time),1,1
71,Yomna,Yomna,123,33,Wed Jun 08 1988 04:59:47 GMT+0300 (Eastern European Summer Time),1,1
72,Raghda,Raghda,123,33,Wed Jun 08 1988 04:59:47 GMT+0300 (Eastern European Summer Time),1,1
73,Mohamed,Mohamed,123,33,Wed Jun 08 1988 04:59:47 GMT+0300 (Eastern European Summer Time),1,1
74,Sara,Sara,123,33,Wed Jun 08 1988 04:59:47 GMT+0300 (Eastern European Summer Time),1,1
75,Haneen,Haneen,123,33,Wed Jun 08 1988 04:59:47 GMT+0300 (Eastern European Summer Time),1,1
76,Mohamed,Mohamed,123,33,Wed Jun 08 1988 04:59:47 GMT+0300 (Eastern European Summer Time),1,1
77,Mohamed,Mohamed,123,33,Wed Jun 08 1988 04:59:47 GMT+0300 (Eastern European Summer Time),1,1
78,Sara,Sara,123,33,Wed Jun 08 1988 04:59:47 GMT+0300 (Eastern European Summer Time),1,1
79,Nour,Nour,123,33,Wed Jun 08 1988 04:59:47 GMT+0300 (Eastern European Summer Time),1,1
80,Mohamed,Mohamed,123,33,Wed Jun 08 1988 04:59:47 GMT+0300 (Eastern European Summer Time),1,1
81,Assem,Assem,123,33,Wed Jun 08 1988 04:59:47 GMT+0300 (Eastern European Summer Time),1,1
82,Haneen,Haneen,123,33,Wed Jun 08 1988 04:59:47 GMT+0300 (Eastern European Summer Time),1,1
83,Yomna,Yomna,123,33,Wed Jun 08 1988 04:59:47 GMT+0300 (Eastern European Summer Time),1,1
84,Raghda,Raghda,123,33,Wed Jun 08 1988 04:59:47 GMT+0300 (Eastern European Summer Time),1,1
85,Hagar,Hagar,123,33,Wed Jun 08 1988 04:59:47 GMT+0300 (Eastern European Summer Time),1,1
86,Hagar,Hagar,123,33,Wed Jun 08 1988 04:59:47 GMT+0300 (Eastern European Summer Time),1,1
87,Mohamed,Mohamed,123,33,Wed Jun 08 1988 04:59:47 GMT+0300 (Eastern European Summer Time),1,1
88,Hagar,Hagar,123,33,Wed Jun 08 1988 04:59:47 GMT+0300 (Eastern European Summer Time),1,1
89,Hagar,Hagar,123,33,Wed Jun 08 1988 04:59:47 GMT+0300 (Eastern European Summer Time),1,1
90,Yomna,Yomna,123,33,Wed Jun 08 1988 04:59:47 GMT+0300 (Eastern European Summer Time),1,1
91,Sara,Sara,123,33,Wed Jun 08 1988 04:59:47 GMT+0300 (Eastern European Summer Time),1,1
92,Haneen,Haneen,123,33,Wed Jun 08 1988 04:59:47 GMT+0300 (Eastern European Summer Time),1,1
93,Haneen,Haneen,123,33,Wed Jun 08 1988 04:59:47 GMT+0300 (Eastern European Summer Time),1,1
94,Hagar,Hagar,123,33,Wed Jun 08 1988 04:59:47 GMT+0300 (Eastern European Summer Time),1,1
95,Nour,Nour,123,33,Wed Jun 08 1988 04:59:47 GMT+0300 (Eastern European Summer Time),1,1
96,Hagar,Hagar,123,33,Wed Jun 08 1988 04:59:47 GMT+0300 (Eastern European Summer Time),1,1
97,Sara,Sara,123,33,Wed Jun 08 1988 04:59:47 GMT+0300 (Eastern European Summer Time),1,1
98,Assem,Assem,123,33,Wed Jun 08 1988 04:59:47 GMT+0300 (Eastern European Summer Time),1,1
99,Salma,Salma,123,33,Wed Jun 08 1988 04:59:47 GMT+0300 (Eastern European Summer Time),1,1
100,Assem,Assem,123,33,Wed Jun 08 1988 04:59:47 GMT+0300 (Eastern European Summer Time),1,1
101,Nour,Nour,123,33,Wed Jun 08 1988 04:59:47 GMT+0300 (Eastern European Summer Time),1,1
102,Haneen,Haneen,123,33,Wed Jun 08 1988 04:59:47 GMT+0300 (Eastern European Summer Time),1,1
103,Salma,Salma,123,33,Wed Jun 08 1988 04:59:47 GMT+0300 (Eastern European Summer Time),1,1
104,Sara,Sara,123,33,Wed Jun 08 1988 04:59:47 GMT+0300 (Eastern European Summer Time),1,1
105,Raghda,Raghda,123,33,Wed Jun 08 1988 04:59:47 GMT+0300 (Eastern European Summer Time),1,1
106,Nour,Nour,123,33,Wed Jun 08 1988 04:59:47 GMT+0300 (Eastern European Summer Time),1,1
107,Yomna,Yomna,123,33,Wed Jun 08 1988 04:59:47 GMT+0300 (Eastern European Summer Time),1,1
108,Tamer,Tamer,123,33,Wed Jun 08 1988 04:59:47 GMT+0300 (Eastern European Summer Time),1,1
109,Haneen,Haneen,123,33,Wed Jun 08 1988 04:59:47 GMT+0300 (Eastern European Summer Time),1,1
110,Mohamed,Mohamed,123,33,Wed Jun 08 1988 04:59:47 GMT+0300 (Eastern European Summer Time),1,1
111,Salma,Salma,123,33,Wed Jun 08 1988 04:59:47 GMT+0300 (Eastern European Summer Time),1,1
112,Hagar,Hagar,123,33,Wed Jun 08 1988 04:59:47 GMT+0300 (Eastern European Summer Time),1,1
113,Tamer,Tamer,123,33,Wed Jun 08 1988 04:59:47 GMT+0300 (Eastern European Summer Time),1,1
114,Mohamed,Mohamed,123,33,Wed Jun 08 1988 04:59:47 GMT+0300 (Eastern European Summer Time),1,1
115,Nour,Nour,123,33,Wed Jun 08 1988 04:59:47 GMT+0300 (Eastern European Summer Time),1,1
116,Haneen,Haneen,123,33,Wed Jun 08 1988 04:59:47 GMT+0300 (Eastern European Summer Time),1,1
117,Nour,Nour,123,33,Wed Jun 08 1988 04:59:47 GMT+0300 (Eastern European Summer Time),1,1
118,Raghda,Raghda,123,33,Wed Jun 08 1988 04:59:47 GMT+0300 (Eastern European Summer Time),1,1
119,Tamer,Tamer,123,33,Wed Jun 08 1988 04:59:47 GMT+0300 (Eastern European Summer Time),1,1
120,Tamer,Tamer,123,33,Wed Jun 08 1988 04:59:47 GMT+0300 (Eastern European Summer Time),1,1
121,Raghda,Raghda,123,33,Wed Jun 08 1988 04:59:47 GMT+0300 (Eastern European Summer Time),1,1
122,Hagar,Hagar,123,33,Wed Jun 08 1988 04:59:47 GMT+0300 (Eastern European Summer Time),1,1
123,Salma,Salma,123,33,Wed Jun 08 1988 04:59:47 GMT+0300 (Eastern European Summer Time),1,1
124,Yomna,Yomna,123,33,Wed Jun 08 1988 04:59:47 GMT+0300 (Eastern European Summer Time),1,1
125,Haneen,Haneen,123,33,Wed Jun 08 1988 04:59:47 GMT+0300 (Eastern European Summer Time),1,1
126,Tamer,Tamer,123,33,Wed Jun 08 1988 04:59:47 GMT+0300 (Eastern European Summer Time),1,1
127,Mohamed,Mohamed,123,33,Wed Jun 08 1988 04:59:47 GMT+0300 (Eastern European Summer Time),1,1
128,Mohamed,Mohamed,123,33,Wed Jun 08 1988 04:59:47 GMT+0300 (Eastern European Summer Time),1,1
129,Sara,Sara,123,33,Wed Jun 08 1988 04:59:47 GMT+0300 (Eastern European Summer Time),1,1
130,Tamer,Tamer,123,33,Wed Jun 08 1988 04:59:47 GMT+0300 (Eastern European Summer Time),1,1
131,Tamer,Tamer,123,33,Wed Jun 08 1988 04:59:47 GMT+0300 (Eastern European Summer Time),1,1
132,Salma,Salma,123,33,Wed Jun 08 1988 04:59:47 GMT+0300 (Eastern European Summer Time),1,1
133,Hagar,Hagar,123,33,Wed Jun 08 1988 04:59:47 GMT+0300 (Eastern European Summer Time),1,1
134,Hagar,Hagar,123,33,Wed Jun 08 1988 04:59:47 GMT+0300 (Eastern European Summer Time),1,1
135,Tamer,Tamer,123,33,Wed Jun 08 1988 04:59:47 GMT+0300 (Eastern European Summer Time),1,1
136,Nour,Nour,123,33,Wed Jun 08 1988 04:59:47 GMT+0300 (Eastern European Summer Time),1,1
137,Sara,Sara,123,33,Wed Jun 08 1988 04:59:47 GMT+0300 (Eastern European Summer Time),1,1
138,Raghda,Raghda,123,33,Wed Jun 08 1988 04:59:47 GMT+0300 (Eastern European Summer Time),1,1
139,Tamer,Tamer,123,33,Wed Jun 08 1988 04:59:47 GMT+0300 (Eastern European Summer Time),1,1
140,Assem,Assem,123,33,Wed Jun 08 1988 04:59:47 GMT+0300 (Eastern European Summer Time),1,1
141,Tamer,Tamer,123,33,Wed Jun 08 1988 04:59:47 GMT+0300 (Eastern European Summer Time),1,1
142,Nour,Nour,123,33,Wed Jun 08 1988 04:59:47 GMT+0300 (Eastern European Summer Time),1,1
143,Yomna,Yomna,123,33,Wed Jun 08 1988 04:59:47 GMT+0300 (Eastern European Summer Time),1,1
144,Sara,Sara,123,33,Wed Jun 08 1988 04:59:47 GMT+0300 (Eastern European Summer Time),1,1
145,Salma,Salma,123,33,Wed Jun 08 1988 04:59:47 GMT+0300 (Eastern European Summer Time),1,1
146,Yomna,Yomna,123,33,Wed Jun 08 1988 04:59:47 GMT+0300 (Eastern European Summer Time),1,1
147,Haneen,Haneen,123,33,Wed Jun 08 1988 04:59:47 GMT+0300 (Eastern European Summer Time),1,1
148,Yomna,Yomna,123,33,Wed Jun 08 1988 04:59:47 GMT+0300 (Eastern European Summer Time),1,1
149,Assem,Assem,123,33,Wed Jun 08 1988 04:59:47 GMT+0300 (Eastern European Summer Time),1,1
150,Sara,Sara,123,33,Wed Jun 08 1988 04:59:47 GMT+0300 (Eastern European Summer Time),1,1
151,Mohamed,Mohamed,123,33,Wed Jun 08 1988 04:59:47 GMT+0300 (Eastern European Summer Time),1,1
152,Salma,Salma,123,33,Wed Jun 08 1988 04:59:47 GMT+0300 (Eastern European Summer Time),1,1
153,Sara,Sara,123,33,Wed Jun 08 1988 04:59:47 GMT+0300 (Eastern European Summer Time),1,1
154,Nour,Nour,123,33,Wed Jun 08 1988 04:59:47 GMT+0300 (Eastern European Summer Time),1,1
155,Yomna,Yomna,123,33,Wed Jun 08 1988 04:59:47 GMT+0300 (Eastern European Summer Time),1,1
156,Yomna,Yomna,123,33,Wed Jun 08 1988 04:59:47 GMT+0300 (Eastern European Summer Time),1,1
157,Yomna,Yomna,123,33,Wed Jun 08 1988 04:59:47 GMT+0300 (Eastern European Summer Time),1,1
158,Yomna,Yomna,123,33,Wed Jun 08 1988 04:59:47 GMT+0300 (Eastern European Summer Time),1,1
159,Haneen,Haneen,123,33,Wed Jun 08 1988 04:59:47 GMT+0300 (Eastern European Summer Time),1,1
160,Nour,Nour,123,33,Wed Jun 08 1988 04:59:47 GMT+0300 (Eastern European Summer Time),1,1
161,Yomna,Yomna,123,33,Wed Jun 08 1988 04:59:47 GMT+0300 (Eastern European Summer Time),1,1
162,Nour,Nour,123,33,Wed Jun 08 1988 04:59:47 GMT+0300 (Eastern European Summer Time),1,1
163,Nour,Nour,123,33,Wed Jun 08 1988 04:59:47 GMT+0300 (Eastern European Summer Time),1,1
164,Assem,Assem,123,33,Wed Jun 08 1988 04:59:47 GMT+0300 (Eastern European Summer Time),1,1
165,Haneen,Haneen,123,33,Wed Jun 08 1988 04:59:47 GMT+0300 (Eastern European Summer Time),1,1
166,Mohamed,Mohamed,123,33,Wed Jun 08 1988 04:59:47 GMT+0300 (Eastern European Summer Time),1,1
167,Haneen,Haneen,123,33,Wed Jun 08 1988 04:59:47 GMT+0300 (Eastern European Summer Time),1,1
168,Salma,Salma,123,33,Wed Jun 08 1988 04:59:47 GMT+0300 (Eastern European Summer Time),1,1
169,Mohamed,Mohamed,123,33,Wed Jun 08 1988 04:59:47 GMT+0300 (Eastern European Summer Time),1,1
170,Yomna,Yomna,123,33,Wed Jun 08 1988 04:59:47 GMT+0300 (Eastern European Summer Time),1,1
171,Nour,Nour,123,33,Wed Jun 08 1988 04:59:47 GMT+0300 (Eastern European Summer Time),1,1
172,Yomna,Yomna,123,33,Wed Jun 08 1988 04:59:47 GMT+0300 (Eastern European Summer Time),1,1
173,Tamer,Tamer,123,33,Wed Jun 08 1988 04:59:47 GMT+0300 (Eastern European Summer Time),1,1
174,Tamer,Tamer,123,33,Wed Jun 08 1988 04:59:47 GMT+0300 (Eastern European Summer Time),1,1
175,Raghda,Raghda,123,33,Wed Jun 08 1988 04:59:47 GMT+0300 (Eastern European Summer Time),1,1
176,Mohamed,Mohamed,123,33,Wed Jun 08 1988 04:59:47 GMT+0300 (Eastern European Summer Time),1,1
177,Salma,Salma,123,33,Wed Jun 08 1988 04:59:47 GMT+0300 (Eastern European Summer Time),1,1
178,Salma,Salma,123,33,Wed Jun 08 1988 04:59:47 GMT+0300 (Eastern European Summer Time),1,1
179,Tamer,Tamer,123,33,Wed Jun 08 1988 04:59:47 GMT+0300 (Eastern European Summer Time),1,1
180,Yomna,Yomna,123,33,Wed Jun 08 1988 04:59:47 GMT+0300 (Eastern European Summer Time),1,1
181,Hagar,Hagar,123,33,Wed Jun 08 1988 04:59:47 GMT+0300 (Eastern European Summer Time),1,1
182,Tamer,Tamer,123,33,Wed Jun 08 1988 04:59:47 GMT+0300 (Eastern European Summer Time),1,1
183,Salma,Salma,123,33,Wed Jun 08 1988 04:59:47 GMT+0300 (Eastern European Summer Time),1,1
184,Hagar,Hagar,123,33,Wed Jun 08 1988 04:59:47 GMT+0300 (Eastern European Summer Time),1,1
185,Haneen,Haneen,123,33,Wed Jun 08 1988 04:59:47 GMT+0300 (Eastern European Summer Time),1,1
186,Mohamed,Mohamed,123,33,Wed Jun 08 1988 04:59:47 GMT+0300 (Eastern European Summer Time),1,1
187,Sara,Sara,123,33,Wed Jun 08 1988 04:59:47 GMT+0300 (Eastern European Summer Time),1,1
188,Sara,Sara,123,33,Wed Jun 08 1988 04:59:47 GMT+0300 (Eastern European Summer Time),1,1
189,Mohamed,Mohamed,123,33,Wed Jun 08 1988 04:59:47 GMT+0300 (Eastern European Summer Time),1,1
190,Sara,Sara,123,33,Wed Jun 08 1988 04:59:47 GMT+0300 (Eastern European Summer Time),1,1
191,Raghda,Raghda,123,33,Wed Jun 08 1988 04:59:47 GMT+0300 (Eastern European Summer Time),1,1
192,Raghda,Raghda,123,33,Wed Jun 08 1988 04:59:47 GMT+0300 (Eastern European Summer Time),1,1
193,Hagar,Hagar,123,33,Wed Jun 08 1988 04:59:47 GMT+0300 (Eastern European Summer Time),1,1
194,Hagar,Hagar,123,33,Wed Jun 08 1988 04:59:47 GMT+0300 (Eastern European Summer Time),1,1
195,Assem,Assem,123,33,Wed Jun 08 1988 04:59:47 GMT+0300 (Eastern European Summer Time),1,1
196,Yomna,Yomna,123,33,Wed Jun 08 1988 04:59:47 GMT+0300 (Eastern European Summer Time),1,1
197,Assem,Assem,123,33,Wed Jun 08 1988 04:59:47 GMT+0300 (Eastern European Summer Time),1,1
198,Salma,Salma,123,33,Wed Jun 08 1988 04:59:47 GMT+0300 (Eastern European Summer Time),1,1
199,Haneen,Haneen,123,33,Wed Jun 08 1988 04:59:47 GMT+0300 (Eastern European Summer Time),1,1
200,Nour,Nour,123,33,Wed Jun 08 1988 04:59:47 GMT+0300 (Eastern European Summer Time),1,1
201,Tamer,Tamer,123,33,Wed Jun 08 1988 04:59:47 GMT+0300 (Eastern European Summer Time),1,1
202,Assem,Assem,123,33,Wed Jun 08 1988 04:59:47 GMT+0300 (Eastern European Summer Time),1,1
203,Tamer,Tamer,123,33,Wed Jun 08 1988 04:59:47 GMT+0300 (Eastern European Summer Time),1,1
204,Nour,Nour,123,33,Wed Jun 08 1988 04:59:47 GMT+0300 (Eastern European Summer Time),1,1
205,Assem,Assem,123,33,Wed Jun 08 1988 04:59:47 GMT+0300 (Eastern European Summer Time),1,1
206,Haneen,Haneen,123,33,Wed Jun 08 1988 04:59:47 GMT+0300 (Eastern European Summer Time),1,1
207,Nour,Nour,123,33,Wed Jun 08 1988 04:59:47 GMT+0300 (Eastern European Summer Time),1,1
208,Haneen,Haneen,123,33,Wed Jun 08 1988 04:59:47 GMT+0300 (Eastern European Summer Time),1,1
209,Hagar,Hagar,123,33,Wed Jun 08 1988 04:59:47 GMT+0300 (Eastern European Summer Time),1,1
210,Mohamed,Mohamed,123,33,Wed Jun 08 1988 04:59:47 GMT+0300 (Eastern European Summer Time),1,1
211,Haneen,Haneen,123,33,Wed Jun 08 1988 04:59:47 GMT+0300 (Eastern European Summer Time),1,1
212,Haneen,Haneen,123,33,Wed Jun 08 1988 04:59:47 GMT+0300 (Eastern European Summer Time),1,1
213,Yomna,Yomna,123,33,Wed Jun 08 1988 04:59:47 GMT+0300 (Eastern European Summer Time),1,1
214,Yomna,Yomna,123,33,Wed Jun 08 1988 04:59:47 GMT+0300 (Eastern European Summer Time),1,1
215,Sara,Sara,123,33,Wed Jun 08 1988 04:59:47 GMT+0300 (Eastern European Summer Time),1,1
216,Tamer,Tamer,123,33,Wed Jun 08 1988 04:59:47 GMT+0300 (Eastern European Summer Time),1,1
217,Assem,Assem,123,33,Wed Jun 08 1988 04:59:47 GMT+0300 (Eastern European Summer Time),1,1
218,Sara,Sara,123,33,Wed Jun 08 1988 04:59:47 GMT+0300 (Eastern European Summer Time),1,1
219,Haneen,Haneen,123,33,Wed Jun 08 1988 04:59:47 GMT+0300 (Eastern European Summer Time),1,1
220,Nour,Nour,123,33,Wed Jun 08 1988 04:59:47 GMT+0300 (Eastern European Summer Time),1,1
221,Mohamed,Mohamed,123,33,Wed Jun 08 1988 04:59:47 GMT+0300 (Eastern European Summer Time),1,1
222,Salma,Salma,123,33,Wed Jun 08 1988 04:59:47 GMT+0300 (Eastern European Summer Time),1,1
223,Hagar,Hagar,123,33,Wed Jun 08 1988 04:59:47 GMT+0300 (Eastern European Summer Time),1,1
224,Salma,Salma,123,33,Wed Jun 08 1988 04:59:47 GMT+0300 (Eastern European Summer Time),1,1
225,Nour,Nour,123,33,Wed Jun 08 1988 04:59:47 GMT+0300 (Eastern European Summer Time),1,1
226,Mohamed,Mohamed,123,33,Wed Jun 08 1988 04:59:47 GMT+0300 (Eastern European Summer Time),1,1
227,Mohamed,Mohamed,123,33,Wed Jun 08 1988 04:59:47 GMT+0300 (Eastern European Summer Time),1,1
228,Assem,Assem,123,33,Wed Jun 08 1988 04:59:47 GMT+0300 (Eastern European Summer Time),1,1
229,Raghda,Raghda,123,33,Wed Jun 08 1988 04:59:47 GMT+0300 (Eastern European Summer Time),1,1
230,Tamer,Tamer,123,33,Wed Jun 08 1988 04:59:47 GMT+0300 (Eastern European Summer Time),1,1
231,Haneen,Haneen,123,33,Wed Jun 08 1988 04:59:47 GMT+0300 (Eastern European Summer Time),1,1
232,Tamer,Tamer,123,33,Wed Jun 08 1988 04:59:47 GMT+0300 (Eastern European Summer Time),1,1
233,Raghda,Raghda,123,33,Wed Jun 08 1988 04:59:47 GMT+0300 (Eastern European Summer Time),1,1
234,Sara,Sara,123,33,Wed Jun 08 1988 04:59:47 GMT+0300 (Eastern European Summer Time),1,1
235,Hagar,Hagar,123,33,Wed Jun 08 1988 04:59:47 GMT+0300 (Eastern European Summer Time),1,1
236,Mohamed,Mohamed,123,33,Wed Jun 08 1988 04:59:47 GMT+0300 (Eastern European Summer Time),1,1
237,Nour,Nour,123,33,Wed Jun 08 1988 04:59:47 GMT+0300 (Eastern European Summer Time),1,1
238,Mohamed,Mohamed,123,33,Wed Jun 08 1988 04:59:47 GMT+0300 (Eastern European Summer Time),1,1
239,Yomna,Yomna,123,33,Wed Jun 08 1988 04:59:47 GMT+0300 (Eastern European Summer Time),1,1
240,Tamer,Tamer,123,33,Wed Jun 08 1988 04:59:47 GMT+0300 (Eastern European Summer Time),1,1
241,Hagar,Hagar,123,33,Wed Jun 08 1988 04:59:47 GMT+0300 (Eastern European Summer Time),1,1
242,Haneen,Haneen,123,33,Wed Jun 08 1988 04:59:47 GMT+0300 (Eastern European Summer Time),1,1
243,Tamer,Tamer,123,33,Wed Jun 08 1988 04:59:47 GMT+0300 (Eastern European Summer Time),1,1
244,Nour,Nour,123,33,Wed Jun 08 1988 04:59:47 GMT+0300 (Eastern European Summer Time),1,1
245,Tamer,Tamer,123,33,Wed Jun 08 1988 04:59:47 GMT+0300 (Eastern European Summer Time),1,1
246,Mohamed,Mohamed,123,33,Wed Jun 08 1988 04:59:47 GMT+0300 (Eastern European Summer Time),1,1
247,Salma,Salma,123,33,Wed Jun 08 1988 04:59:47 GMT+0300 (Eastern European Summer Time),1,1
248,Salma,Salma,123,33,Wed Jun 08 1988 04:59:47 GMT+0300 (Eastern European Summer Time),1,1
249,Haneen,Haneen,123,33,Wed Jun 08 1988 04:59:47 GMT+0300 (Eastern European Summer Time),1,1
250,Assem,Assem,123,33,Wed Jun 08 1988 04:59:47 GMT+0300 (Eastern European Summer Time),1,1
251,Hagar,Hagar,123,33,Wed Jun 08 1988 04:59:47 GMT+0300 (Eastern European Summer Time),1,1
252,Hagar,Hagar,123,33,Wed Jun 08 1988 04:59:47 GMT+0300 (Eastern European Summer Time),1,1
253,Salma,Salma,123,33,Wed Jun 08 1988 04:59:47 GMT+0300 (Eastern European Summer Time),1,1
254,Yomna,Yomna,123,33,Wed Jun 08 1988 04:59:47 GMT+0300 (Eastern European Summer Time),1,1
255,Haneen,Haneen,123,33,Wed Jun 08 1988 04:59:47 GMT+0300 (Eastern European Summer Time),1,1
256,Mohamed,Mohamed,123,33,Wed Jun 08 1988 04:59:47 GMT+0300 (Eastern European Summer Time),1,1
257,Nour,Nour,123,33,Wed Jun 08 1988 04:59:47 GMT+0300 (Eastern European Summer Time),1,1
258,Sara,Sara,123,33,Wed Jun 08 1988 04:59:47 GMT+0300 (Eastern European Summer Time),1,1
259,Salma,Salma,123,33,Wed Jun 08 1988 04:59:47 GMT+0300 (Eastern European Summer Time),1,1
260,Mohamed,Mohamed,123,33,Wed Jun 08 1988 04:59:47 GMT+0300 (Eastern European Summer Time),1,1
261,Haneen,Haneen,123,33,Wed Jun 08 1988 04:59:47 GMT+0300 (Eastern European Summer Time),1,1
262,Haneen,Haneen,123,33,Wed Jun 08 1988 04:59:47 GMT+0300 (Eastern European Summer Time),1,1
263,Hagar,Hagar,123,33,Wed Jun 08 1988 04:59:47 GMT+0300 (Eastern European Summer Time),1,1
264,Mohamed,Mohamed,123,33,Wed Jun 08 1988 04:59:47 GMT+0300 (Eastern European Summer Time),1,1
265,Hagar,Hagar,123,33,Wed Jun 08 1988 04:59:47 GMT+0300 (Eastern European Summer Time),1,1
266,Assem,Assem,123,33,Wed Jun 08 1988 04:59:47 GMT+0300 (Eastern European Summer Time),1,1
267,Nour,Nour,123,33,Wed Jun 08 1988 04:59:47 GMT+0300 (Eastern European Summer Time),1,1
268,Mohamed,Mohamed,123,33,Wed Jun 08 1988 04:59:47 GMT+0300 (Eastern European Summer Time),1,1
269,Raghda,Raghda,123,33,Wed Jun 08 1988 04:59:47 GMT+0300 (Eastern European Summer Time),1,1
270,Raghda,Raghda,123,33,Wed Jun 08 1988 04:59:47 GMT+0300 (Eastern European Summer Time),1,1
271,Mohamed,Mohamed,123,33,Wed Jun 08 1988 04:59:47 GMT+0300 (Eastern European Summer Time),1,1
272,Salma,Salma,123,33,Wed Jun 08 1988 04:59:47 GMT+0300 (Eastern European Summer Time),1,1
273,Tamer,Tamer,123,33,Wed Jun 08 1988 04:59:47 GMT+0300 (Eastern European Summer Time),1,1
274,Yomna,Yomna,123,33,Wed Jun 08 1988 04:59:47 GMT+0300 (Eastern European Summer Time),1,1
275,Hagar,Hagar,123,33,Wed Jun 08 1988 04:59:47 GMT+0300 (Eastern European Summer Time),1,1
276,Raghda,Raghda,123,33,Wed Jun 08 1988 04:59:47 GMT+0300 (Eastern European Summer Time),1,1
277,Mohamed,Mohamed,123,33,Wed Jun 08 1988 04:59:47 GMT+0300 (Eastern European Summer Time),1,1
278,Nour,Nour,123,33,Wed Jun 08 1988 04:59:47 GMT+0300 (Eastern European Summer Time),1,1
279,Raghda,Raghda,123,33,Wed Jun 08 1988 04:59:47 GMT+0300 (Eastern European Summer Time),1,1
280,Tamer,Tamer,123,33,Wed Jun 08 1988 04:59:47 GMT+0300 (Eastern European Summer Time),1,1
281,Nour,Nour,123,33,Wed Jun 08 1988 04:59:47 GMT+0300 (Eastern European Summer Time),1,1
282,Raghda,Raghda,123,33,Wed Jun 08 1988 04:59:47 GMT+0300 (Eastern European Summer Time),1,1
283,Raghda,Raghda,123,33,Wed Jun 08 1988 04:59:47 GMT+0300 (Eastern European Summer Time),1,1
284,Sara,Sara,123,33,Wed Jun 08 1988 04:59:47 GMT+0300 (Eastern European Summer Time),1,1
285,Haneen,Haneen,123,33,Wed Jun 08 1988 04:59:47 GMT+0300 (Eastern European Summer Time),1,1
286,Assem,Assem,123,33,Wed Jun 08 1988 04:59:47 GMT+0300 (Eastern European Summer Time),1,1
287,Hagar,Hagar,123,33,Wed Jun 08 1988 04:59:47 GMT+0300 (Eastern European Summer Time),1,1
288,Mohamed,Mohamed,123,33,Wed Jun 08 1988 04:59:47 GMT+0300 (Eastern European Summer Time),1,1
289,Mohamed,Mohamed,123,33,Wed Jun 08 1988 04:59:47 GMT+0300 (Eastern European Summer Time),1,1
290,Hagar,Hagar,123,33,Wed Jun 08 1988 04:59:47 GMT+0300 (Eastern European Summer Time),1,1
291,Yomna,Yomna,123,33,Wed Jun 08 1988 04:59:47 GMT+0300 (Eastern European Summer Time),1,1
292,Tamer,Tamer,123,33,Wed Jun 08 1988 04:59:47 GMT+0300 (Eastern European Summer Time),1,1
293,Raghda,Raghda,123,33,Wed Jun 08 1988 04:59:47 GMT+0300 (Eastern European Summer Time),1,1
294,Mohamed,Mohamed,123,33,Wed Jun 08 1988 04:59:47 GMT+0300 (Eastern European Summer Time),1,1
295,Salma,Salma,123,33,Wed Jun 08 1988 04:59:47 GMT+0300 (Eastern European Summer Time),1,1
296,Hagar,Hagar,123,33,Wed Jun 08 1988 04:59:47 GMT+0300 (Eastern European Summer Time),1,1
297,Sara,Sara,123,33,Wed Jun 08 1988 04:59:47 GMT+0300 (Eastern European Summer Time),1,1
298,Salma,Salma,123,33,Wed Jun 08 1988 04:59:47 GMT+0300 (Eastern European Summer Time),1,1
299,Nour,Nour,123,33,Wed Jun 08 1988 04:59:47 GMT+0300 (Eastern European Summer Time),1,1
300,Sara,Sara,123,33,Wed Jun 08 1988 04:59:47 GMT+0300 (Eastern European Summer Time),1,1
301,Nour,Nour,123,33,Wed Jun 08 1988 04:59:47 GMT+0300 (Eastern European Summer Time),1,1
302,Tamer,Tamer,123,33,Wed Jun 08 1988 04:59:47 GMT+0300 (Eastern European Summer Time),1,1
303,Raghda,Raghda,123,33,Wed Jun 08 1988 04:59:47 GMT+0300 (Eastern European Summer Time),1,1
304,Assem,Assem,123,33,Wed Jun 08 1988 04:59:47 GMT+0300 (Eastern European Summer Time),1,1
305,Raghda,Raghda,123,33,Wed Jun 08 1988 04:59:47 GMT+0300 (Eastern European Summer Time),1,1
306,Tamer,Tamer,123,33,Wed Jun 08 1988 04:59:47 GMT+0300 (Eastern European Summer Time),1,1
307,Assem,Assem,123,33,Wed Jun 08 1988 04:59:47 GMT+0300 (Eastern European Summer Time),1,1
308,Mohamed,Mohamed,123,33,Wed Jun 08 1988 04:59:47 GMT+0300 (Eastern European Summer Time),1,1
309,Mohamed,Mohamed,123,33,Wed Jun 08 1988 04:59:47 GMT+0300 (Eastern European Summer Time),1,1
310,Nour,Nour,123,33,Wed Jun 08 1988 04:59:47 GMT+0300 (Eastern European Summer Time),1,1
311,Assem,Assem,123,33,Wed Jun 08 1988 04:59:47 GMT+0300 (Eastern European Summer Time),1,1
312,Raghda,Raghda,123,33,Wed Jun 08 1988 04:59:47 GMT+0300 (Eastern European Summer Time),1,1
313,Mohamed,Mohamed,123,33,Wed Jun 08 1988 04:59:47 GMT+0300 (Eastern European Summer Time),1,1
314,Hagar,Hagar,123,33,Wed Jun 08 1988 04:59:47 GMT+0300 (Eastern European Summer Time),1,1
315,Haneen,Haneen,123,33,Wed Jun 08 1988 04:59:47 GMT+0300 (Eastern European Summer Time),1,1
316,Mohamed,Mohamed,123,33,Wed Jun 08 1988 04:59:47 GMT+0300 (Eastern European Summer Time),1,1
317,Mohamed,Mohamed,123,33,Wed Jun 08 1988 04:59:47 GMT+0300 (Eastern European Summer Time),1,1
318,Tamer,Tamer,123,33,Wed Jun 08 1988 04:59:47 GMT+0300 (Eastern European Summer Time),1,1
319,Nour,Nour,123,33,Wed Jun 08 1988 04:59:47 GMT+0300 (Eastern European Summer Time),1,1
320,Sara,Sara,123,33,Wed Jun 08 1988 04:59:47 GMT+0300 (Eastern European Summer Time),1,1
321,Hagar,Hagar,123,33,Wed Jun 08 1988 04:59:47 GMT+0300 (Eastern European Summer Time),1,1
322,Hagar,Hagar,123,33,Wed Jun 08 1988 04:59:47 GMT+0300 (Eastern European Summer Time),1,1
323,Haneen,Haneen,123,33,Wed Jun 08 1988 04:59:47 GMT+0300 (Eastern European Summer Time),1,1
324,Hagar,Hagar,123,33,Wed Jun 08 1988 04:59:47 GMT+0300 (Eastern European Summer Time),1,1
325,Raghda,Raghda,123,33,Wed Jun 08 1988 04:59:47 GMT+0300 (Eastern European Summer Time),1,1
326,Assem,Assem,123,33,Wed Jun 08 1988 04:59:47 GMT+0300 (Eastern European Summer Time),1,1
327,Assem,Assem,123,33,Wed Jun 08 1988 04:59:47 GMT+0300 (Eastern European Summer Time),1,1
328,Haneen,Haneen,123,33,Wed Jun 08 1988 04:59:47 GMT+0300 (Eastern European Summer Time),1,1
329,Yomna,Yomna,123,33,Wed Jun 08 1988 04:59:47 GMT+0300 (Eastern European Summer Time),1,1
330,Yomna,Yomna,123,33,Wed Jun 08 1988 04:59:47 GMT+0300 (Eastern European Summer Time),1,1
331,Yomna,Yomna,123,33,Wed Jun 08 1988 04:59:47 GMT+0300 (Eastern European Summer Time),1,1
332,Nour,Nour,123,33,Wed Jun 08 1988 04:59:47 GMT+0300 (Eastern European Summer Time),1,1
333,Haneen,Haneen,123,33,Wed Jun 08 1988 04:59:47 GMT+0300 (Eastern European Summer Time),1,1
334,Yomna,Yomna,123,33,Wed Jun 08 1988 04:59:47 GMT+0300 (Eastern European Summer Time),1,1
335,Sara,Sara,123,33,Wed Jun 08 1988 04:59:47 GMT+0300 (Eastern European Summer Time),1,1
336,Tamer,Tamer,123,33,Wed Jun 08 1988 04:59:47 GMT+0300 (Eastern European Summer Time),1,1
337,Yomna,Yomna,123,33,Wed Jun 08 1988 04:59:47 GMT+0300 (Eastern European Summer Time),1,1
338,Sara,Sara,123,33,Wed Jun 08 1988 04:59:47 GMT+0300 (Eastern European Summer Time),1,1
339,Sara,Sara,123,33,Wed Jun 08 1988 04:59:47 GMT+0300 (Eastern European Summer Time),1,1
340,Assem,Assem,123,33,Wed Jun 08 1988 04:59:47 GMT+0300 (Eastern European Summer Time),1,1
341,Yomna,Yomna,123,33,Wed Jun 08 1988 04:59:47 GMT+0300 (Eastern European Summer Time),1,1
342,Yomna,Yomna,123,33,Wed Jun 08 1988 04:59:47 GMT+0300 (Eastern European Summer Time),1,1
343,Assem,Assem,123,33,Wed Jun 08 1988 04:59:47 GMT+0300 (Eastern European Summer Time),1,1
344,Raghda,Raghda,123,33,Wed Jun 08 1988 04:59:47 GMT+0300 (Eastern European Summer Time),1,1
345,Tamer,Tamer,123,33,Wed Jun 08 1988 04:59:47 GMT+0300 (Eastern European Summer Time),1,1
346,Assem,Assem,123,33,Wed Jun 08 1988 04:59:47 GMT+0300 (Eastern European Summer Time),1,1
347,Salma,Salma,123,33,Wed Jun 08 1988 04:59:47 GMT+0300 (Eastern European Summer Time),1,1
348,Haneen,Haneen,123,33,Wed Jun 08 1988 04:59:47 GMT+0300 (Eastern European Summer Time),1,1
349,Mohamed,Mohamed,123,33,Wed Jun 08 1988 04:59:47 GMT+0300 (Eastern European Summer Time),1,1
350,Haneen,Haneen,123,33,Wed Jun 08 1988 04:59:47 GMT+0300 (Eastern European Summer Time),1,1
351,Yomna,Yomna,123,33,Wed Jun 08 1988 04:59:47 GMT+0300 (Eastern European Summer Time),1,1
352,Nour,Nour,123,33,Wed Jun 08 1988 04:59:47 GMT+0300 (Eastern European Summer Time),1,1
353,Yomna,Yomna,123,33,Wed Jun 08 1988 04:59:47 GMT+0300 (Eastern European Summer Time),1,1
354,Nour,Nour,123,33,Wed Jun 08 1988 04:59:47 GMT+0300 (Eastern European Summer Time),1,1
355,Mohamed,Mohamed,123,33,Wed Jun 08 1988 04:59:47 GMT+0300 (Eastern European Summer Time),1,1
356,Sara,Sara,123,33,Wed Jun 08 1988 04:59:47 GMT+0300 (Eastern European Summer Time),1,1
357,Tamer,Tamer,123,33,Wed Jun 08 1988 04:59:47 GMT+0300 (Eastern European Summer Time),1,1
358,Yomna,Yomna,123,33,Wed Jun 08 1988 04:59:47 GMT+0300 (Eastern European Summer Time),1,1
359,Raghda,Raghda,123,33,Wed Jun 08 1988 04:59:47 GMT+0300 (Eastern European Summer Time),1,1
360,Yomna,Yomna,123,33,Wed Jun 08 1988 04:59:47 GMT+0300 (Eastern European Summer Time),1,1
361,Sara,Sara,123,33,Wed Jun 08 1988 04:59:47 GMT+0300 (Eastern European Summer Time),1,1
362,Tamer,Tamer,123,33,Wed Jun 08 1988 04:59:47 GMT+0300 (Eastern European Summer Time),1,1
363,Hagar,Hagar,123,33,Wed Jun 08 1988 04:59:47 GMT+0300 (Eastern European Summer Time),1,1
364,Haneen,Haneen,123,33,Wed Jun 08 1988 04:59:47 GMT+0300 (Eastern European Summer Time),1,1
365,Yomna,Yomna,123,33,Wed Jun 08 1988 04:59:47 GMT+0300 (Eastern European Summer Time),1,1
366,Hagar,Hagar,123,33,Wed Jun 08 1988 04:59:47 GMT+0300 (Eastern European Summer Time),1,1
367,Mohamed,Mohamed,123,33,Wed Jun 08 1988 04:59:47 GMT+0300 (Eastern European Summer Time),1,1
368,Haneen,Haneen,123,33,Wed Jun 08 1988 04:59:47 GMT+0300 (Eastern European Summer Time),1,1
369,Mohamed,Mohamed,123,33,Wed Jun 08 1988 04:59:47 GMT+0300 (Eastern European Summer Time),1,1
370,Tamer,Tamer,123,33,Wed Jun 08 1988 04:59:47 GMT+0300 (Eastern European Summer Time),1,1
371,Raghda,Raghda,123,33,Wed Jun 08 1988 04:59:47 GMT+0300 (Eastern European Summer Time),1,1
372,Salma,Salma,123,33,Wed Jun 08 1988 04:59:47 GMT+0300 (Eastern European Summer Time),1,1
373,Assem,Assem,123,33,Wed Jun 08 1988 04:59:47 GMT+0300 (Eastern European Summer Time),1,1
374,Haneen,Haneen,123,33,Wed Jun 08 1988 04:59:47 GMT+0300 (Eastern European Summer Time),1,1
375,Hagar,Hagar,123,33,Wed Jun 08 1988 04:59:47 GMT+0300 (Eastern European Summer Time),1,1
376,Raghda,Raghda,123,33,Wed Jun 08 1988 04:59:47 GMT+0300 (Eastern European Summer Time),1,1
377,Raghda,Raghda,123,33,Wed Jun 08 1988 04:59:47 GMT+0300 (Eastern European Summer Time),1,1
378,Salma,Salma,123,33,Wed Jun 08 1988 04:59:47 GMT+0300 (Eastern European Summer Time),1,1
379,Tamer,Tamer,123,33,Wed Jun 08 1988 04:59:47 GMT+0300 (Eastern European Summer Time),1,1
380,Salma,Salma,123,33,Wed Jun 08 1988 04:59:47 GMT+0300 (Eastern European Summer Time),1,1
381,Haneen,Haneen,123,33,Wed Jun 08 1988 04:59:47 GMT+0300 (Eastern European Summer Time),1,1
382,Yomna,Yomna,123,33,Wed Jun 08 1988 04:59:47 GMT+0300 (Eastern European Summer Time),1,1
383,Yomna,Yomna,123,33,Wed Jun 08 1988 04:59:47 GMT+0300 (Eastern European Summer Time),1,1
384,Raghda,Raghda,123,33,Wed Jun 08 1988 04:59:47 GMT+0300 (Eastern European Summer Time),1,1
385,Raghda,Raghda,123,33,Wed Jun 08 1988 04:59:47 GMT+0300 (Eastern European Summer Time),1,1
386,Hagar,Hagar,123,33,Wed Jun 08 1988 04:59:47 GMT+0300 (Eastern European Summer Time),1,1
387,Tamer,Tamer,123,33,Wed Jun 08 1988 04:59:47 GMT+0300 (Eastern European Summer Time),1,1
388,Yomna,Yomna,123,33,Wed Jun 08 1988 04:59:47 GMT+0300 (Eastern European Summer Time),1,1
389,Assem,Assem,123,33,Wed Jun 08 1988 04:59:47 GMT+0300 (Eastern European Summer Time),1,1
390,Yomna,Yomna,123,33,Wed Jun 08 1988 04:59:47 GMT+0300 (Eastern European Summer Time),1,1
391,Tamer,Tamer,123,33,Wed Jun 08 1988 04:59:47 GMT+0300 (Eastern European Summer Time),1,1
392,Nour,Nour,123,33,Wed Jun 08 1988 04:59:47 GMT+0300 (Eastern European Summer Time),1,1
393,Nour,Nour,123,33,Wed Jun 08 1988 04:59:47 GMT+0300 (Eastern European Summer Time),1,1
394,Assem,Assem,123,33,Wed Jun 08 1988 04:59:47 GMT+0300 (Eastern European Summer Time),1,1
395,Yomna,Yomna,123,33,Wed Jun 08 1988 04:59:47 GMT+0300 (Eastern European Summer Time),1,1
396,Sara,Sara,123,33,Wed Jun 08 1988 04:59:47 GMT+0300 (Eastern European Summer Time),1,1
397,Mohamed,Mohamed,123,33,Wed Jun 08 1988 04:59:47 GMT+0300 (Eastern European Summer Time),1,1
398,Mohamed,Mohamed,123,33,Wed Jun 08 1988 04:59:47 GMT+0300 (Eastern European Summer Time),1,1
399,Tamer,Tamer,123,33,Wed Jun 08 1988 04:59:47 GMT+0300 (Eastern European Summer Time),1,1
400,Sara,Sara,123,33,Wed Jun 08 1988 04:59:47 GMT+0300 (Eastern European Summer Time),1,1
401,Sara,Sara,123,33,Wed Jun 08 1988 04:59:47 GMT+0300 (Eastern European Summer Time),1,1
402,Raghda,Raghda,123,33,Wed Jun 08 1988 04:59:47 GMT+0300 (Eastern European Summer Time),1,1
403,Salma,Salma,123,33,Wed Jun 08 1988 04:59:47 GMT+0300 (Eastern European Summer Time),1,1
404,Yomna,Yomna,123,33,Wed Jun 08 1988 04:59:47 GMT+0300 (Eastern European Summer Time),1,1
405,Hagar,Hagar,123,33,Wed Jun 08 1988 04:59:47 GMT+0300 (Eastern European Summer Time),1,1
406,Hagar,Hagar,123,33,Wed Jun 08 1988 04:59:47 GMT+0300 (Eastern European Summer Time),1,1
407,Raghda,Raghda,123,33,Wed Jun 08 1988 04:59:47 GMT+0300 (Eastern European Summer Time),1,1
408,Assem,Assem,123,33,Wed Jun 08 1988 04:59:47 GMT+0300 (Eastern European Summer Time),1,1
409,Raghda,Raghda,123,33,Wed Jun 08 1988 04:59:47 GMT+0300 (Eastern European Summer Time),1,1
410,Hagar,Hagar,123,33,Wed Jun 08 1988 04:59:47 GMT+0300 (Eastern European Summer Time),1,1
411,Raghda,Raghda,123,33,Wed Jun 08 1988 04:59:47 GMT+0300 (Eastern European Summer Time),1,1
412,Haneen,Haneen,123,33,Wed Jun 08 1988 04:59:47 GMT+0300 (Eastern European Summer Time),1,1
413,Tamer,Tamer,123,33,Wed Jun 08 1988 04:59:47 GMT+0300 (Eastern European Summer Time),1,1
414,Nour,Nour,123,33,Wed Jun 08 1988 04:59:47 GMT+0300 (Eastern European Summer Time),1,1
415,Yomna,Yomna,123,33,Wed Jun 08 1988 04:59:47 GMT+0300 (Eastern European Summer Time),1,1
416,Assem,Assem,123,33,Wed Jun 08 1988 04:59:47 GMT+0300 (Eastern European Summer Time),1,1
417,Hagar,Hagar,123,33,Wed Jun 08 1988 04:59:47 GMT+0300 (Eastern European Summer Time),1,1
418,Hagar,Hagar,123,33,Wed Jun 08 1988 04:59:47 GMT+0300 (Eastern European Summer Time),1,1
419,Tamer,Tamer,123,33,Wed Jun 08 1988 04:59:47 GMT+0300 (Eastern European Summer Time),1,1
420,Raghda,Raghda,123,33,Wed Jun 08 1988 04:59:47 GMT+0300 (Eastern European Summer Time),1,1
421,Nour,Nour,123,33,Wed Jun 08 1988 04:59:47 GMT+0300 (Eastern European Summer Time),1,1
422,Nour,Nour,123,33,Wed Jun 08 1988 04:59:47 GMT+0300 (Eastern European Summer Time),1,1
423,Nour,Nour,123,33,Wed Jun 08 1988 04:59:47 GMT+0300 (Eastern European Summer Time),1,1
424,Yomna,Yomna,123,33,Wed Jun 08 1988 04:59:47 GMT+0300 (Eastern European Summer Time),1,1
425,Tamer,Tamer,123,33,Wed Jun 08 1988 04:59:47 GMT+0300 (Eastern European Summer Time),1,1
426,Yomna,Yomna,123,33,Wed Jun 08 1988 04:59:47 GMT+0300 (Eastern European Summer Time),1,1
427,Haneen,Haneen,123,33,Wed Jun 08 1988 04:59:47 GMT+0300 (Eastern European Summer Time),1,1
428,Nour,Nour,123,33,Wed Jun 08 1988 04:59:47 GMT+0300 (Eastern European Summer Time),1,1
429,Yomna,Yomna,123,33,Wed Jun 08 1988 04:59:47 GMT+0300 (Eastern European Summer Time),1,1
430,Sara,Sara,123,33,Wed Jun 08 1988 04:59:47 GMT+0300 (Eastern European Summer Time),1,1
431,Hagar,Hagar,123,33,Wed Jun 08 1988 04:59:47 GMT+0300 (Eastern European Summer Time),1,1
432,Tamer,Tamer,123,33,Wed Jun 08 1988 04:59:47 GMT+0300 (Eastern European Summer Time),1,1
433,Tamer,Tamer,123,33,Wed Jun 08 1988 04:59:47 GMT+0300 (Eastern European Summer Time),1,1
434,Mohamed,Mohamed,123,33,Wed Jun 08 1988 04:59:47 GMT+0300 (Eastern European Summer Time),1,1
435,Tamer,Tamer,123,33,Wed Jun 08 1988 04:59:47 GMT+0300 (Eastern European Summer Time),1,1
436,Haneen,Haneen,123,33,Wed Jun 08 1988 04:59:47 GMT+0300 (Eastern European Summer Time),1,1
437,Mohamed,Mohamed,123,33,Wed Jun 08 1988 04:59:47 GMT+0300 (Eastern European Summer Time),1,1
438,Sara,Sara,123,33,Wed Jun 08 1988 04:59:47 GMT+0300 (Eastern European Summer Time),1,1
439,Mohamed,Mohamed,123,33,Wed Jun 08 1988 04:59:47 GMT+0300 (Eastern European Summer Time),1,1
440,Hagar,Hagar,123,33,Wed Jun 08 1988 04:59:47 GMT+0300 (Eastern European Summer Time),1,1
441,Assem,Assem,123,33,Wed Jun 08 1988 04:59:47 GMT+0300 (Eastern European Summer Time),1,1
442,Haneen,Haneen,123,33,Wed Jun 08 1988 04:59:47 GMT+0300 (Eastern European Summer Time),1,1
443,Nour,Nour,123,33,Wed Jun 08 1988 04:59:47 GMT+0300 (Eastern European Summer Time),1,1
444,Yomna,Yomna,123,33,Wed Jun 08 1988 04:59:47 GMT+0300 (Eastern European Summer Time),1,1
445,Tamer,Tamer,123,33,Wed Jun 08 1988 04:59:47 GMT+0300 (Eastern European Summer Time),1,1
446,Haneen,Haneen,123,33,Wed Jun 08 1988 04:59:47 GMT+0300 (Eastern European Summer Time),1,1
447,Assem,Assem,123,33,Wed Jun 08 1988 04:59:47 GMT+0300 (Eastern European Summer Time),1,1
448,Tamer,Tamer,123,33,Wed Jun 08 1988 04:59:47 GMT+0300 (Eastern European Summer Time),1,1
449,Raghda,Raghda,123,33,Wed Jun 08 1988 04:59:47 GMT+0300 (Eastern European Summer Time),1,1
450,Raghda,Raghda,123,33,Wed Jun 08 1988 04:59:47 GMT+0300 (Eastern European Summer Time),1,1
451,Sara,Sara,123,33,Wed Jun 08 1988 04:59:47 GMT+0300 (Eastern European Summer Time),1,1
452,Raghda,Raghda,123,33,Wed Jun 08 1988 04:59:47 GMT+0300 (Eastern European Summer Time),1,1
453,Haneen,Haneen,123,33,Wed Jun 08 1988 04:59:47 GMT+0300 (Eastern European Summer Time),1,1
454,Salma,Salma,123,33,Wed Jun 08 1988 04:59:47 GMT+0300 (Eastern European Summer Time),1,1
455,Haneen,Haneen,123,33,Wed Jun 08 1988 04:59:47 GMT+0300 (Eastern European Summer Time),1,1
456,Yomna,Yomna,123,33,Wed Jun 08 1988 04:59:47 GMT+0300 (Eastern European Summer Time),1,1
457,Hagar,Hagar,123,33,Wed Jun 08 1988 04:59:47 GMT+0300 (Eastern European Summer Time),1,1
458,Yomna,Yomna,123,33,Wed Jun 08 1988 04:59:47 GMT+0300 (Eastern European Summer Time),1,1
459,Yomna,Yomna,123,33,Wed Jun 08 1988 04:59:47 GMT+0300 (Eastern European Summer Time),1,1
460,Raghda,Raghda,123,33,Wed Jun 08 1988 04:59:47 GMT+0300 (Eastern European Summer Time),1,1
461,Salma,Salma,123,33,Wed Jun 08 1988 04:59:47 GMT+0300 (Eastern European Summer Time),1,1
462,Mohamed,Mohamed,123,33,Wed Jun 08 1988 04:59:47 GMT+0300 (Eastern European Summer Time),1,1
463,Yomna,Yomna,123,33,Wed Jun 08 1988 04:59:47 GMT+0300 (Eastern European Summer Time),1,1
464,Hagar,Hagar,123,33,Wed Jun 08 1988 04:59:47 GMT+0300 (Eastern European Summer Time),1,1
465,Yomna,Yomna,123,33,Wed Jun 08 1988 04:59:47 GMT+0300 (Eastern European Summer Time),1,1
466,Assem,Assem,123,33,Wed Jun 08 1988 04:59:47 GMT+0300 (Eastern European Summer Time),1,1
467,Nour,Nour,123,33,Wed Jun 08 1988 04:59:47 GMT+0300 (Eastern European Summer Time),1,1
468,Nour,Nour,123,33,Wed Jun 08 1988 04:59:47 GMT+0300 (Eastern European Summer Time),1,1
469,Sara,Sara,123,33,Wed Jun 08 1988 04:59:47 GMT+0300 (Eastern European Summer Time),1,1
470,Assem,Assem,123,33,Wed Jun 08 1988 04:59:47 GMT+0300 (Eastern European Summer Time),1,1
471,Raghda,Raghda,123,33,Wed Jun 08 1988 04:59:47 GMT+0300 (Eastern European Summer Time),1,1
472,Haneen,Haneen,123,33,Wed Jun 08 1988 04:59:47 GMT+0300 (Eastern European Summer Time),1,1
473,Tamer,Tamer,123,33,Wed Jun 08 1988 04:59:47 GMT+0300 (Eastern European Summer Time),1,1
474,Haneen,Haneen,123,33,Wed Jun 08 1988 04:59:47 GMT+0300 (Eastern European Summer Time),1,1
475,Salma,Salma,123,33,Wed Jun 08 1988 04:59:47 GMT+0300 (Eastern European Summer Time),1,1
476,Sara,Sara,123,33,Wed Jun 08 1988 04:59:47 GMT+0300 (Eastern European Summer Time),1,1
477,Tamer,Tamer,123,33,Wed Jun 08 1988 04:59:47 GMT+0300 (Eastern European Summer Time),1,1
478,Tamer,Tamer,123,33,Wed Jun 08 1988 04:59:47 GMT+0300 (Eastern European Summer Time),1,1
479,Hagar,Hagar,123,33,Wed Jun 08 1988 04:59:47 GMT+0300 (Eastern European Summer Time),1,1
480,Yomna,Yomna,123,33,Wed Jun 08 1988 04:59:47 GMT+0300 (Eastern European Summer Time),1,1
481,Sara,Sara,123,33,Wed Jun 08 1988 04:59:47 GMT+0300 (Eastern European Summer Time),1,1
482,Salma,Salma,123,33,Wed Jun 08 1988 04:59:47 GMT+0300 (Eastern European Summer Time),1,1
483,Yomna,Yomna,123,33,Wed Jun 08 1988 04:59:47 GMT+0300 (Eastern European Summer Time),1,1
484,Salma,Salma,123,33,Wed Jun 08 1988 04:59:47 GMT+0300 (Eastern European Summer Time),1,1
485,Haneen,Haneen,123,33,Wed Jun 08 1988 04:59:47 GMT+0300 (Eastern European Summer Time),1,1
486,Raghda,Raghda,123,33,Wed Jun 08 1988 04:59:47 GMT+0300 (Eastern European Summer Time),1,1
487,Hagar,Hagar,123,33,Wed Jun 08 1988 04:59:47 GMT+0300 (Eastern European Summer Time),1,1
488,Salma,Salma,123,33,Wed Jun 08 1988 04:59:47 GMT+0300 (Eastern European Summer Time),1,1
489,Haneen,Haneen,123,33,Wed Jun 08 1988 04:59:47 GMT+0300 (Eastern European Summer Time),1,1
490,Salma,Salma,123,33,Wed Jun 08 1988 04:59:47 GMT+0300 (Eastern European Summer Time),1,1
491,Yomna,Yomna,123,33,Wed Jun 08 1988 04:59:47 GMT+0300 (Eastern European Summer Time),1,1
492,Mohamed,Mohamed,123,33,Wed Jun 08 1988 04:59:47 GMT+0300 (Eastern European Summer Time),1,1
493,Mohamed,Mohamed,123,33,Wed Jun 08 1988 04:59:47 GMT+0300 (Eastern European Summer Time),1,1
494,Haneen,Haneen,123,33,Wed Jun 08 1988 04:59:47 GMT+0300 (Eastern European Summer Time),1,1
495,Hagar,Hagar,123,33,Wed Jun 08 1988 04:59:47 GMT+0300 (Eastern European Summer Time),1,1
496,Yomna,Yomna,123,33,Wed Jun 08 1988 04:59:47 GMT+0300 (Eastern European Summer Time),1,1
497,Salma,Salma,123,33,Wed Jun 08 1988 04:59:47 GMT+0300 (Eastern European Summer Time),1,1
498,Hagar,Hagar,123,33,Wed Jun 08 1988 04:59:47 GMT+0300 (Eastern European Summer Time),1,1
499,Raghda,Raghda,123,33,Wed Jun 08 1988 04:59:47 GMT+0300 (Eastern European Summer Time),1,1
500,Hagar,Hagar,123,33,Wed Jun 08 1988 04:59:47 GMT+0300 (Eastern European Summer Time),1,1
501,Haneen,Haneen,123,33,Wed Jun 08 1988 04:59:47 GMT+0300 (Eastern European Summer Time),1,1
502,Assem,Assem,123,33,Wed Jun 08 1988 04:59:47 GMT+0300 (Eastern European Summer Time),1,1
503,Salma,Salma,123,33,Wed Jun 08 1988 04:59:47 GMT+0300 (Eastern European Summer Time),1,1
504,Nour,Nour,123,33,Wed Jun 08 1988 04:59:47 GMT+0300 (Eastern European Summer Time),1,1
505,Yomna,Yomna,123,33,Wed Jun 08 1988 04:59:47 GMT+0300 (Eastern European Summer Time),1,1
506,Sara,Sara,123,33,Wed Jun 08 1988 04:59:47 GMT+0300 (Eastern European Summer Time),1,1
507,Sara,Sara,123,33,Wed Jun 08 1988 04:59:47 GMT+0300 (Eastern European Summer Time),1,1
508,Hagar,Hagar,123,33,Wed Jun 08 1988 04:59:47 GMT+0300 (Eastern European Summer Time),1,1
509,Tamer,Tamer,123,33,Wed Jun 08 1988 04:59:47 GMT+0300 (Eastern European Summer Time),1,1
510,Mohamed,Mohamed,123,33,Wed Jun 08 1988 04:59:47 GMT+0300 (Eastern European Summer Time),1,1
511,Yomna,Yomna,123,33,Wed Jun 08 1988 04:59:47 GMT+0300 (Eastern European Summer Time),1,1
512,Yomna,Yomna,123,33,Wed Jun 08 1988 04:59:47 GMT+0300 (Eastern European Summer Time),1,1
513,Tamer,Tamer,123,33,Wed Jun 08 1988 04:59:47 GMT+0300 (Eastern European Summer Time),1,1
514,Nour,Nour,123,33,Wed Jun 08 1988 04:59:47 GMT+0300 (Eastern European Summer Time),1,1
515,Raghda,Raghda,123,33,Wed Jun 08 1988 04:59:47 GMT+0300 (Eastern European Summer Time),1,1
516,Salma,Salma,123,33,Wed Jun 08 1988 04:59:47 GMT+0300 (Eastern European Summer Time),1,1
517,Sara,Sara,123,33,Wed Jun 08 1988 04:59:47 GMT+0300 (Eastern European Summer Time),1,1
518,Nour,Nour,123,33,Wed Jun 08 1988 04:59:47 GMT+0300 (Eastern European Summer Time),1,1
519,Tamer,Tamer,123,33,Wed Jun 08 1988 04:59:47 GMT+0300 (Eastern European Summer Time),1,1
520,Sara,Sara,123,33,Wed Jun 08 1988 04:59:47 GMT+0300 (Eastern European Summer Time),1,1
521,Mohamed,Mohamed,123,33,Wed Jun 08 1988 04:59:47 GMT+0300 (Eastern European Summer Time),1,1
522,Assem,Assem,123,33,Wed Jun 08 1988 04:59:47 GMT+0300 (Eastern European Summer Time),1,1
523,Salma,Salma,123,33,Wed Jun 08 1988 04:59:47 GMT+0300 (Eastern European Summer Time),1,1
524,Haneen,Haneen,123,33,Wed Jun 08 1988 04:59:47 GMT+0300 (Eastern European Summer Time),1,1
525,Yomna,Yomna,123,33,Wed Jun 08 1988 04:59:47 GMT+0300 (Eastern European Summer Time),1,1
526,Assem,Assem,123,33,Wed Jun 08 1988 04:59:47 GMT+0300 (Eastern European Summer Time),1,1
527,Raghda,Raghda,123,33,Wed Jun 08 1988 04:59:47 GMT+0300 (Eastern European Summer Time),1,1
528,Tamer,Tamer,123,33,Wed Jun 08 1988 04:59:47 GMT+0300 (Eastern European Summer Time),1,1
529,Mohamed,Mohamed,123,33,Wed Jun 08 1988 04:59:47 GMT+0300 (Eastern European Summer Time),1,1
530,Nour,Nour,123,33,Wed Jun 08 1988 04:59:47 GMT+0300 (Eastern European Summer Time),1,1
531,Salma,Salma,123,33,Wed Jun 08 1988 04:59:47 GMT+0300 (Eastern European Summer Time),1,1
532,Tamer,Tamer,123,33,Wed Jun 08 1988 04:59:47 GMT+0300 (Eastern European Summer Time),1,1
533,Tamer,Tamer,123,33,Wed Jun 08 1988 04:59:47 GMT+0300 (Eastern European Summer Time),1,1
534,Raghda,Raghda,123,33,Wed Jun 08 1988 04:59:47 GMT+0300 (Eastern European Summer Time),1,1
535,Hagar,Hagar,123,33,Wed Jun 08 1988 04:59:47 GMT+0300 (Eastern European Summer Time),1,1
536,Tamer,Tamer,123,33,Wed Jun 08 1988 04:59:47 GMT+0300 (Eastern European Summer Time),1,1
537,Tamer,Tamer,123,33,Wed Jun 08 1988 04:59:47 GMT+0300 (Eastern European Summer Time),1,1
538,Haneen,Haneen,123,33,Wed Jun 08 1988 04:59:47 GMT+0300 (Eastern European Summer Time),1,1
539,Assem,Assem,123,33,Wed Jun 08 1988 04:59:47 GMT+0300 (Eastern European Summer Time),1,1
540,Nour,Nour,123,33,Wed Jun 08 1988 04:59:47 GMT+0300 (Eastern European Summer Time),1,1
541,Sara,Sara,123,33,Wed Jun 08 1988 04:59:47 GMT+0300 (Eastern European Summer Time),1,1
542,Sara,Sara,123,33,Wed Jun 08 1988 04:59:47 GMT+0300 (Eastern European Summer Time),1,1
543,Mohamed,Mohamed,123,33,Wed Jun 08 1988 04:59:47 GMT+0300 (Eastern European Summer Time),1,1
544,Yomna,Yomna,123,33,Wed Jun 08 1988 04:59:47 GMT+0300 (Eastern European Summer Time),1,1
545,Yomna,Yomna,123,33,Wed Jun 08 1988 04:59:47 GMT+0300 (Eastern European Summer Time),1,1
546,Hagar,Hagar,123,33,Wed Jun 08 1988 04:59:47 GMT+0300 (Eastern European Summer Time),1,1
547,Sara,Sara,123,33,Wed Jun 08 1988 04:59:47 GMT+0300 (Eastern European Summer Time),1,1
548,Salma,Salma,123,33,Wed Jun 08 1988 04:59:47 GMT+0300 (Eastern European Summer Time),1,1
549,Haneen,Haneen,123,33,Wed Jun 08 1988 04:59:47 GMT+0300 (Eastern European Summer Time),1,1
550,Yomna,Yomna,123,33,Wed Jun 08 1988 04:59:47 GMT+0300 (Eastern European Summer Time),1,1
551,Raghda,Raghda,123,33,Wed Jun 08 1988 04:59:47 GMT+0300 (Eastern European Summer Time),1,1
552,Hagar,Hagar,123,33,Wed Jun 08 1988 04:59:47 GMT+0300 (Eastern European Summer Time),1,1
553,Haneen,Haneen,123,33,Wed Jun 08 1988 04:59:47 GMT+0300 (Eastern European Summer Time),1,1
554,Raghda,Raghda,123,33,Wed Jun 08 1988 04:59:47 GMT+0300 (Eastern European Summer Time),1,1
555,Raghda,Raghda,123,33,Wed Jun 08 1988 04:59:47 GMT+0300 (Eastern European Summer Time),1,1
556,Haneen,Haneen,123,33,Wed Jun 08 1988 04:59:47 GMT+0300 (Eastern European Summer Time),1,1
557,Yomna,Yomna,123,33,Wed Jun 08 1988 04:59:47 GMT+0300 (Eastern European Summer Time),1,1
558,Tamer,Tamer,123,33,Wed Jun 08 1988 04:59:47 GMT+0300 (Eastern European Summer Time),1,1
559,Haneen,Haneen,123,33,Wed Jun 08 1988 04:59:47 GMT+0300 (Eastern European Summer Time),1,1
560,Hagar,Hagar,123,33,Wed Jun 08 1988 04:59:47 GMT+0300 (Eastern European Summer Time),1,1
561,Sara,Sara,123,33,Wed Jun 08 1988 04:59:47 GMT+0300 (Eastern European Summer Time),1,1
562,Hagar,Hagar,123,33,Wed Jun 08 1988 04:59:47 GMT+0300 (Eastern European Summer Time),1,1
563,Mohamed,Mohamed,123,33,Wed Jun 08 1988 04:59:47 GMT+0300 (Eastern European Summer Time),1,1
564,Raghda,Raghda,123,33,Wed Jun 08 1988 04:59:47 GMT+0300 (Eastern European Summer Time),1,1
565,Nour,Nour,123,33,Wed Jun 08 1988 04:59:47 GMT+0300 (Eastern European Summer Time),1,1
566,Salma,Salma,123,33,Wed Jun 08 1988 04:59:47 GMT+0300 (Eastern European Summer Time),1,1
567,Raghda,Raghda,123,33,Wed Jun 08 1988 04:59:47 GMT+0300 (Eastern European Summer Time),1,1
568,Raghda,Raghda,123,33,Wed Jun 08 1988 04:59:47 GMT+0300 (Eastern European Summer Time),1,1
569,Assem,Assem,123,33,Wed Jun 08 1988 04:59:47 GMT+0300 (Eastern European Summer Time),1,1
570,Sara,Sara,123,33,Wed Jun 08 1988 04:59:47 GMT+0300 (Eastern European Summer Time),1,1
571,Hagar,Hagar,123,33,Wed Jun 08 1988 04:59:47 GMT+0300 (Eastern European Summer Time),1,1
572,Yomna,Yomna,123,33,Wed Jun 08 1988 04:59:47 GMT+0300 (Eastern European Summer Time),1,1
573,Sara,Sara,123,33,Wed Jun 08 1988 04:59:47 GMT+0300 (Eastern European Summer Time),1,1
574,Assem,Assem,123,33,Wed Jun 08 1988 04:59:47 GMT+0300 (Eastern European Summer Time),1,1
575,Haneen,Haneen,123,33,Wed Jun 08 1988 04:59:47 GMT+0300 (Eastern European Summer Time),1,1
576,Sara,Sara,123,33,Wed Jun 08 1988 04:59:47 GMT+0300 (Eastern European Summer Time),1,1
577,Haneen,Haneen,123,33,Wed Jun 08 1988 04:59:47 GMT+0300 (Eastern European Summer Time),1,1
578,Tamer,Tamer,123,33,Wed Jun 08 1988 04:59:47 GMT+0300 (Eastern European Summer Time),1,1
579,Haneen,Haneen,123,33,Wed Jun 08 1988 04:59:47 GMT+0300 (Eastern European Summer Time),1,1
580,Assem,Assem,123,33,Wed Jun 08 1988 04:59:47 GMT+0300 (Eastern European Summer Time),1,1
581,Tamer,Tamer,123,33,Wed Jun 08 1988 04:59:47 GMT+0300 (Eastern European Summer Time),1,1
582,Haneen,Haneen,123,33,Wed Jun 08 1988 04:59:47 GMT+0300 (Eastern European Summer Time),1,1
583,Haneen,Haneen,123,33,Wed Jun 08 1988 04:59:47 GMT+0300 (Eastern European Summer Time),1,1
584,Nour,Nour,123,33,Wed Jun 08 1988 04:59:47 GMT+0300 (Eastern European Summer Time),1,1
585,Haneen,Haneen,123,33,Wed Jun 08 1988 04:59:47 GMT+0300 (Eastern European Summer Time),1,1
586,Mohamed,Mohamed,123,33,Wed Jun 08 1988 04:59:47 GMT+0300 (Eastern European Summer Time),1,1
587,Nour,Nour,123,33,Wed Jun 08 1988 04:59:47 GMT+0300 (Eastern European Summer Time),1,1
588,Raghda,Raghda,123,33,Wed Jun 08 1988 04:59:47 GMT+0300 (Eastern European Summer Time),1,1
589,Assem,Assem,123,33,Wed Jun 08 1988 04:59:47 GMT+0300 (Eastern European Summer Time),1,1
590,Salma,Salma,123,33,Wed Jun 08 1988 04:59:47 GMT+0300 (Eastern European Summer Time),1,1
591,Yomna,Yomna,123,33,Wed Jun 08 1988 04:59:47 GMT+0300 (Eastern European Summer Time),1,1
592,Sara,Sara,123,33,Wed Jun 08 1988 04:59:47 GMT+0300 (Eastern European Summer Time),1,1
593,Nour,Nour,123,33,Wed Jun 08 1988 04:59:47 GMT+0300 (Eastern European Summer Time),1,1
594,Haneen,Haneen,123,33,Wed Jun 08 1988 04:59:47 GMT+0300 (Eastern European Summer Time),1,1
595,Sara,Sara,123,33,Wed Jun 08 1988 04:59:47 GMT+0300 (Eastern European Summer Time),1,1
596,Tamer,Tamer,123,33,Wed Jun 08 1988 04:59:47 GMT+0300 (Eastern European Summer Time),1,1
597,Yomna,Yomna,123,33,Wed Jun 08 1988 04:59:47 GMT+0300 (Eastern European Summer Time),1,1
598,Nour,Nour,123,33,Wed Jun 08 1988 04:59:47 GMT+0300 (Eastern European Summer Time),1,1
599,Mohamed,Mohamed,123,33,Wed Jun 08 1988 04:59:47 GMT+0300 (Eastern European Summer Time),1,1
600,Salma,Salma,123,33,Wed Jun 08 1988 04:59:47 GMT+0300 (Eastern European Summer Time),1,1
601,Haneen,Haneen,123,33,Wed Jun 08 1988 04:59:47 GMT+0300 (Eastern European Summer Time),1,1
602,Assem,Assem,123,33,Wed Jun 08 1988 04:59:47 GMT+0300 (Eastern European Summer Time),1,1
603,Haneen,Haneen,123,33,Wed Jun 08 1988 04:59:47 GMT+0300 (Eastern European Summer Time),1,1
604,Assem,Assem,123,33,Wed Jun 08 1988 04:59:47 GMT+0300 (Eastern European Summer Time),1,1
605,Assem,Assem,123,33,Wed Jun 08 1988 04:59:47 GMT+0300 (Eastern European Summer Time),1,1
606,Tamer,Tamer,123,33,Wed Jun 08 1988 04:59:47 GMT+0300 (Eastern European Summer Time),1,1
607,Assem,Assem,123,33,Wed Jun 08 1988 04:59:47 GMT+0300 (Eastern European Summer Time),1,1
608,Assem,Assem,123,33,Wed Jun 08 1988 04:59:47 GMT+0300 (Eastern European Summer Time),1,1
609,Mohamed,Mohamed,123,33,Wed Jun 08 1988 04:59:47 GMT+0300 (Eastern European Summer Time),1,1
610,Hagar,Hagar,123,33,Wed Jun 08 1988 04:59:47 GMT+0300 (Eastern European Summer Time),1,1
611,Hagar,Hagar,123,33,Wed Jun 08 1988 04:59:47 GMT+0300 (Eastern European Summer Time),1,1
612,Raghda,Raghda,123,33,Wed Jun 08 1988 04:59:47 GMT+0300 (Eastern European Summer Time),1,1
613,Tamer,Tamer,123,33,Wed Jun 08 1988 04:59:47 GMT+0300 (Eastern European Summer Time),1,1
614,Raghda,Raghda,123,33,Wed Jun 08 1988 04:59:47 GMT+0300 (Eastern European Summer Time),1,1
615,Sara,Sara,123,33,Wed Jun 08 1988 04:59:47 GMT+0300 (Eastern European Summer Time),1,1
616,Hagar,Hagar,123,33,Wed Jun 08 1988 04:59:47 GMT+0300 (Eastern European Summer Time),1,1
617,Tamer,Tamer,123,33,Wed Jun 08 1988 04:59:47 GMT+0300 (Eastern European Summer Time),1,1
618,Haneen,Haneen,123,33,Wed Jun 08 1988 04:59:47 GMT+0300 (Eastern European Summer Time),1,1
619,Hagar,Hagar,123,33,Wed Jun 08 1988 04:59:47 GMT+0300 (Eastern European Summer Time),1,1
620,Sara,Sara,123,33,Wed Jun 08 1988 04:59:47 GMT+0300 (Eastern European Summer Time),1,1
621,Tamer,Tamer,123,33,Wed Jun 08 1988 04:59:47 GMT+0300 (Eastern European Summer Time),1,1
622,Hagar,Hagar,123,33,Wed Jun 08 1988 04:59:47 GMT+0300 (Eastern European Summer Time),1,1
623,Sara,Sara,123,33,Wed Jun 08 1988 04:59:47 GMT+0300 (Eastern European Summer Time),1,1
624,Salma,Salma,123,33,Wed Jun 08 1988 04:59:47 GMT+0300 (Eastern European Summer Time),1,1
625,Haneen,Haneen,123,33,Wed Jun 08 1988 04:59:47 GMT+0300 (Eastern European Summer Time),1,1
626,Haneen,Haneen,123,33,Wed Jun 08 1988 04:59:47 GMT+0300 (Eastern European Summer Time),1,1
627,Assem,Assem,123,33,Wed Jun 08 1988 04:59:47 GMT+0300 (Eastern European Summer Time),1,1
628,Tamer,Tamer,123,33,Wed Jun 08 1988 04:59:47 GMT+0300 (Eastern European Summer Time),1,1
629,Mohamed,Mohamed,123,33,Wed Jun 08 1988 04:59:47 GMT+0300 (Eastern European Summer Time),1,1
630,Salma,Salma,123,33,Wed Jun 08 1988 04:59:47 GMT+0300 (Eastern European Summer Time),1,1
631,Salma,Salma,123,33,Wed Jun 08 1988 04:59:47 GMT+0300 (Eastern European Summer Time),1,1
632,Sara,Sara,123,33,Wed Jun 08 1988 04:59:47 GMT+0300 (Eastern European Summer Time),1,1
633,Tamer,Tamer,123,33,Wed Jun 08 1988 04:59:47 GMT+0300 (Eastern European Summer Time),1,1
634,Tamer,Tamer,123,33,Wed Jun 08 1988 04:59:47 GMT+0300 (Eastern European Summer Time),1,1
635,Mohamed,Mohamed,123,33,Wed Jun 08 1988 04:59:47 GMT+0300 (Eastern European Summer Time),1,1
636,Assem,Assem,123,33,Wed Jun 08 1988 04:59:47 GMT+0300 (Eastern European Summer Time),1,1
637,Sara,Sara,123,33,Wed Jun 08 1988 04:59:47 GMT+0300 (Eastern European Summer Time),1,1
638,Tamer,Tamer,123,33,Wed Jun 08 1988 04:59:47 GMT+0300 (Eastern European Summer Time),1,1
639,Raghda,Raghda,123,33,Wed Jun 08 1988 04:59:47 GMT+0300 (Eastern European Summer Time),1,1
640,Sara,Sara,123,33,Wed Jun 08 1988 04:59:47 GMT+0300 (Eastern European Summer Time),1,1
641,Mohamed,Mohamed,123,33,Wed Jun 08 1988 04:59:47 GMT+0300 (Eastern European Summer Time),1,1
642,Hagar,Hagar,123,33,Wed Jun 08 1988 04:59:47 GMT+0300 (Eastern European Summer Time),1,1
643,Yomna,Yomna,123,33,Wed Jun 08 1988 04:59:47 GMT+0300 (Eastern European Summer Time),1,1
644,Mohamed,Mohamed,123,33,Wed Jun 08 1988 04:59:47 GMT+0300 (Eastern European Summer Time),1,1
645,Mohamed,Mohamed,123,33,Wed Jun 08 1988 04:59:47 GMT+0300 (Eastern European Summer Time),1,1
646,Raghda,Raghda,123,33,Wed Jun 08 1988 04:59:47 GMT+0300 (Eastern European Summer Time),1,1
647,Tamer,Tamer,123,33,Wed Jun 08 1988 04:59:47 GMT+0300 (Eastern European Summer Time),1,1
648,Salma,Salma,123,33,Wed Jun 08 1988 04:59:47 GMT+0300 (Eastern European Summer Time),1,1
649,Salma,Salma,123,33,Wed Jun 08 1988 04:59:47 GMT+0300 (Eastern European Summer Time),1,1
650,Salma,Salma,123,33,Wed Jun 08 1988 04:59:47 GMT+0300 (Eastern European Summer Time),1,1
651,Haneen,Haneen,123,33,Wed Jun 08 1988 04:59:47 GMT+0300 (Eastern European Summer Time),1,1
652,Tamer,Tamer,123,33,Wed Jun 08 1988 04:59:47 GMT+0300 (Eastern European Summer Time),1,1
653,Raghda,Raghda,123,33,Wed Jun 08 1988 04:59:47 GMT+0300 (Eastern European Summer Time),1,1
654,Sara,Sara,123,33,Wed Jun 08 1988 04:59:47 GMT+0300 (Eastern European Summer Time),1,1
655,Raghda,Raghda,123,33,Wed Jun 08 1988 04:59:47 GMT+0300 (Eastern European Summer Time),1,1
656,Assem,Assem,123,33,Wed Jun 08 1988 04:59:47 GMT+0300 (Eastern European Summer Time),1,1
657,Salma,Salma,123,33,Wed Jun 08 1988 04:59:47 GMT+0300 (Eastern European Summer Time),1,1
658,Haneen,Haneen,123,33,Wed Jun 08 1988 04:59:47 GMT+0300 (Eastern European Summer Time),1,1
659,Haneen,Haneen,123,33,Wed Jun 08 1988 04:59:47 GMT+0300 (Eastern European Summer Time),1,1
660,Yomna,Yomna,123,33,Wed Jun 08 1988 04:59:47 GMT+0300 (Eastern European Summer Time),1,1
661,Nour,Nour,123,33,Wed Jun 08 1988 04:59:47 GMT+0300 (Eastern European Summer Time),1,1
662,Yomna,Yomna,123,33,Wed Jun 08 1988 04:59:47 GMT+0300 (Eastern European Summer Time),1,1
663,Assem,Assem,123,33,Wed Jun 08 1988 04:59:47 GMT+0300 (Eastern European Summer Time),1,1
664,Assem,Assem,123,33,Wed Jun 08 1988 04:59:47 GMT+0300 (Eastern European Summer Time),1,1
665,Salma,Salma,123,33,Wed Jun 08 1988 04:59:47 GMT+0300 (Eastern European Summer Time),1,1
666,Nour,Nour,123,33,Wed Jun 08 1988 04:59:47 GMT+0300 (Eastern European Summer Time),1,1
667,Salma,Salma,123,33,Wed Jun 08 1988 04:59:47 GMT+0300 (Eastern European Summer Time),1,1
668,Salma,Salma,123,33,Wed Jun 08 1988 04:59:47 GMT+0300 (Eastern European Summer Time),1,1
669,Sara,Sara,123,33,Wed Jun 08 1988 04:59:47 GMT+0300 (Eastern European Summer Time),1,1
670,Nour,Nour,123,33,Wed Jun 08 1988 04:59:47 GMT+0300 (Eastern European Summer Time),1,1
671,Mohamed,Mohamed,123,33,Wed Jun 08 1988 04:59:47 GMT+0300 (Eastern European Summer Time),1,1
672,Assem,Assem,123,33,Wed Jun 08 1988 04:59:47 GMT+0300 (Eastern European Summer Time),1,1
673,Assem,Assem,123,33,Wed Jun 08 1988 04:59:47 GMT+0300 (Eastern European Summer Time),1,1
674,Salma,Salma,123,33,Wed Jun 08 1988 04:59:47 GMT+0300 (Eastern European Summer Time),1,1
675,Raghda,Raghda,123,33,Wed Jun 08 1988 04:59:47 GMT+0300 (Eastern European Summer Time),1,1
676,Haneen,Haneen,123,33,Wed Jun 08 1988 04:59:47 GMT+0300 (Eastern European Summer Time),1,1
677,Yomna,Yomna,123,33,Wed Jun 08 1988 04:59:47 GMT+0300 (Eastern European Summer Time),1,1
678,Assem,Assem,123,33,Wed Jun 08 1988 04:59:47 GMT+0300 (Eastern European Summer Time),1,1
679,Yomna,Yomna,123,33,Wed Jun 08 1988 04:59:47 GMT+0300 (Eastern European Summer Time),1,1
680,Assem,Assem,123,33,Wed Jun 08 1988 04:59:47 GMT+0300 (Eastern European Summer Time),1,1
681,Mohamed,Mohamed,123,33,Wed Jun 08 1988 04:59:47 GMT+0300 (Eastern European Summer Time),1,1
682,Mohamed,Mohamed,123,33,Wed Jun 08 1988 04:59:47 GMT+0300 (Eastern European Summer Time),1,1
683,Mohamed,Mohamed,123,33,Wed Jun 08 1988 04:59:47 GMT+0300 (Eastern European Summer Time),1,1
684,Mohamed,Mohamed,123,33,Wed Jun 08 1988 04:59:47 GMT+0300 (Eastern European Summer Time),1,1
685,Mohamed,Mohamed,123,33,Wed Jun 08 1988 04:59:47 GMT+0300 (Eastern European Summer Time),1,1
686,Mohamed,Mohamed,123,33,Wed Jun 08 1988 04:59:47 GMT+0300 (Eastern European Summer Time),1,1
687,Nour,Nour,123,33,Wed Jun 08 1988 04:59:47 GMT+0300 (Eastern European Summer Time),1,1
688,Mohamed,Mohamed,123,33,Wed Jun 08 1988 04:59:47 GMT+0300 (Eastern European Summer Time),1,1
689,Hagar,Hagar,123,33,Wed Jun 08 1988 04:59:47 GMT+0300 (Eastern European Summer Time),1,1
690,Sara,Sara,123,33,Wed Jun 08 1988 04:59:47 GMT+0300 (Eastern European Summer Time),1,1
691,Sara,Sara,123,33,Wed Jun 08 1988 04:59:47 GMT+0300 (Eastern European Summer Time),1,1
692,Hagar,Hagar,123,33,Wed Jun 08 1988 04:59:47 GMT+0300 (Eastern European Summer Time),1,1
693,Nour,Nour,123,33,Wed Jun 08 1988 04:59:47 GMT+0300 (Eastern European Summer Time),1,1
694,Assem,Assem,123,33,Wed Jun 08 1988 04:59:47 GMT+0300 (Eastern European Summer Time),1,1
695,Mohamed,Mohamed,123,33,Wed Jun 08 1988 04:59:47 GMT+0300 (Eastern European Summer Time),1,1
696,Nour,Nour,123,33,Wed Jun 08 1988 04:59:47 GMT+0300 (Eastern European Summer Time),1,1
697,Mohamed,Mohamed,123,33,Wed Jun 08 1988 04:59:47 GMT+0300 (Eastern European Summer Time),1,1
698,Nour,Nour,123,33,Wed Jun 08 1988 04:59:47 GMT+0300 (Eastern European Summer Time),1,1
699,Hagar,Hagar,123,33,Wed Jun 08 1988 04:59:47 GMT+0300 (Eastern European Summer Time),1,1
700,Haneen,Haneen,123,33,Wed Jun 08 1988 04:59:47 GMT+0300 (Eastern European Summer Time),1,1
701,Hagar,Hagar,123,33,Wed Jun 08 1988 04:59:47 GMT+0300 (Eastern European Summer Time),1,1
702,Salma,Salma,123,33,Wed Jun 08 1988 04:59:47 GMT+0300 (Eastern European Summer Time),1,1
703,Haneen,Haneen,123,33,Wed Jun 08 1988 04:59:47 GMT+0300 (Eastern European Summer Time),1,1
704,Yomna,Yomna,123,33,Wed Jun 08 1988 04:59:47 GMT+0300 (Eastern European Summer Time),1,1
705,Haneen,Haneen,123,33,Wed Jun 08 1988 04:59:47 GMT+0300 (Eastern European Summer Time),1,1
706,Yomna,Yomna,123,33,Wed Jun 08 1988 04:59:47 GMT+0300 (Eastern European Summer Time),1,1
707,Assem,Assem,123,33,Wed Jun 08 1988 04:59:47 GMT+0300 (Eastern European Summer Time),1,1
708,Haneen,Haneen,123,33,Wed Jun 08 1988 04:59:47 GMT+0300 (Eastern European Summer Time),1,1
709,Hagar,Hagar,123,33,Wed Jun 08 1988 04:59:47 GMT+0300 (Eastern European Summer Time),1,1
710,Salma,Salma,123,33,Wed Jun 08 1988 04:59:47 GMT+0300 (Eastern European Summer Time),1,1
711,Raghda,Raghda,123,33,Wed Jun 08 1988 04:59:47 GMT+0300 (Eastern European Summer Time),1,1
712,Nour,Nour,123,33,Wed Jun 08 1988 04:59:47 GMT+0300 (Eastern European Summer Time),1,1
713,Nour,Nour,123,33,Wed Jun 08 1988 04:59:47 GMT+0300 (Eastern European Summer Time),1,1
714,Nour,Nour,123,33,Wed Jun 08 1988 04:59:47 GMT+0300 (Eastern European Summer Time),1,1
715,Raghda,Raghda,123,33,Wed Jun 08 1988 04:59:47 GMT+0300 (Eastern European Summer Time),1,1
716,Haneen,Haneen,123,33,Wed Jun 08 1988 04:59:47 GMT+0300 (Eastern European Summer Time),1,1
717,Hagar,Hagar,123,33,Wed Jun 08 1988 04:59:47 GMT+0300 (Eastern European Summer Time),1,1
718,Haneen,Haneen,123,33,Wed Jun 08 1988 04:59:47 GMT+0300 (Eastern European Summer Time),1,1
719,Raghda,Raghda,123,33,Wed Jun 08 1988 04:59:47 GMT+0300 (Eastern European Summer Time),1,1
720,Tamer,Tamer,123,33,Wed Jun 08 1988 04:59:47 GMT+0300 (Eastern European Summer Time),1,1
721,Yomna,Yomna,123,33,Wed Jun 08 1988 04:59:47 GMT+0300 (Eastern European Summer Time),1,1
722,Sara,Sara,123,33,Wed Jun 08 1988 04:59:47 GMT+0300 (Eastern European Summer Time),1,1
723,Haneen,Haneen,123,33,Wed Jun 08 1988 04:59:47 GMT+0300 (Eastern European Summer Time),1,1
724,Haneen,Haneen,123,33,Wed Jun 08 1988 04:59:47 GMT+0300 (Eastern European Summer Time),1,1
725,Haneen,Haneen,123,33,Wed Jun 08 1988 04:59:47 GMT+0300 (Eastern European Summer Time),1,1
726,Nour,Nour,123,33,Wed Jun 08 1988 04:59:47 GMT+0300 (Eastern European Summer Time),1,1
727,Hagar,Hagar,123,33,Wed Jun 08 1988 04:59:47 GMT+0300 (Eastern European Summer Time),1,1
728,Hagar,Hagar,123,33,Wed Jun 08 1988 04:59:47 GMT+0300 (Eastern European Summer Time),1,1
729,Assem,Assem,123,33,Wed Jun 08 1988 04:59:47 GMT+0300 (Eastern European Summer Time),1,1
730,Nour,Nour,123,33,Wed Jun 08 1988 04:59:47 GMT+0300 (Eastern European Summer Time),1,1
731,Hagar,Hagar,123,33,Wed Jun 08 1988 04:59:47 GMT+0300 (Eastern European Summer Time),1,1
732,Haneen,Haneen,123,33,Wed Jun 08 1988 04:59:47 GMT+0300 (Eastern European Summer Time),1,1
733,Mohamed,Mohamed,123,33,Wed Jun 08 1988 04:59:47 GMT+0300 (Eastern European Summer Time),1,1
734,Assem,Assem,123,33,Wed Jun 08 1988 04:59:47 GMT+0300 (Eastern European Summer Time),1,1
735,Nour,Nour,123,33,Wed Jun 08 1988 04:59:47 GMT+0300 (Eastern European Summer Time),1,1
736,Yomna,Yomna,123,33,Wed Jun 08 1988 04:59:47 GMT+0300 (Eastern European Summer Time),1,1
737,Salma,Salma,123,33,Wed Jun 08 1988 04:59:47 GMT+0300 (Eastern European Summer Time),1,1
738,Tamer,Tamer,123,33,Wed Jun 08 1988 04:59:47 GMT+0300 (Eastern European Summer Time),1,1
739,Hagar,Hagar,123,33,Wed Jun 08 1988 04:59:47 GMT+0300 (Eastern European Summer Time),1,1
740,Nour,Nour,123,33,Wed Jun 08 1988 04:59:47 GMT+0300 (Eastern European Summer Time),1,1
741,Nour,Nour,123,33,Wed Jun 08 1988 04:59:47 GMT+0300 (Eastern European Summer Time),1,1
742,Salma,Salma,123,33,Wed Jun 08 1988 04:59:47 GMT+0300 (Eastern European Summer Time),1,1
743,Nour,Nour,123,33,Wed Jun 08 1988 04:59:47 GMT+0300 (Eastern European Summer Time),1,1
744,Salma,Salma,123,33,Wed Jun 08 1988 04:59:47 GMT+0300 (Eastern European Summer Time),1,1
745,Mohamed,Mohamed,123,33,Wed Jun 08 1988 04:59:47 GMT+0300 (Eastern European Summer Time),1,1
746,Mohamed,Mohamed,123,33,Wed Jun 08 1988 04:59:47 GMT+0300 (Eastern European Summer Time),1,1
747,Mohamed,Mohamed,123,33,Wed Jun 08 1988 04:59:47 GMT+0300 (Eastern European Summer Time),1,1
748,Nour,Nour,123,33,Wed Jun 08 1988 04:59:47 GMT+0300 (Eastern European Summer Time),1,1
749,Tamer,Tamer,123,33,Wed Jun 08 1988 04:59:47 GMT+0300 (Eastern European Summer Time),1,1
750,Raghda,Raghda,123,33,Wed Jun 08 1988 04:59:47 GMT+0300 (Eastern European Summer Time),1,1
751,Salma,Salma,123,33,Wed Jun 08 1988 04:59:47 GMT+0300 (Eastern European Summer Time),1,1
752,Raghda,Raghda,123,33,Wed Jun 08 1988 04:59:47 GMT+0300 (Eastern European Summer Time),1,1
753,Yomna,Yomna,123,33,Wed Jun 08 1988 04:59:47 GMT+0300 (Eastern European Summer Time),1,1
754,Assem,Assem,123,33,Wed Jun 08 1988 04:59:47 GMT+0300 (Eastern European Summer Time),1,1
755,Raghda,Raghda,123,33,Wed Jun 08 1988 04:59:47 GMT+0300 (Eastern European Summer Time),1,1
756,Tamer,Tamer,123,33,Wed Jun 08 1988 04:59:47 GMT+0300 (Eastern European Summer Time),1,1
757,Yomna,Yomna,123,33,Wed Jun 08 1988 04:59:47 GMT+0300 (Eastern European Summer Time),1,1
758,Yomna,Yomna,123,33,Wed Jun 08 1988 04:59:47 GMT+0300 (Eastern European Summer Time),1,1
759,Tamer,Tamer,123,33,Wed Jun 08 1988 04:59:47 GMT+0300 (Eastern European Summer Time),1,1
760,Hagar,Hagar,123,33,Wed Jun 08 1988 04:59:47 GMT+0300 (Eastern European Summer Time),1,1
761,Tamer,Tamer,123,33,Wed Jun 08 1988 04:59:47 GMT+0300 (Eastern European Summer Time),1,1
762,Haneen,Haneen,123,33,Wed Jun 08 1988 04:59:47 GMT+0300 (Eastern European Summer Time),1,1
763,Mohamed,Mohamed,123,33,Wed Jun 08 1988 04:59:47 GMT+0300 (Eastern European Summer Time),1,1
764,Tamer,Tamer,123,33,Wed Jun 08 1988 04:59:47 GMT+0300 (Eastern European Summer Time),1,1
765,Assem,Assem,123,33,Wed Jun 08 1988 04:59:47 GMT+0300 (Eastern European Summer Time),1,1
766,Assem,Assem,123,33,Wed Jun 08 1988 04:59:47 GMT+0300 (Eastern European Summer Time),1,1
767,Yomna,Yomna,123,33,Wed Jun 08 1988 04:59:47 GMT+0300 (Eastern European Summer Time),1,1
768,Assem,Assem,123,33,Wed Jun 08 1988 04:59:47 GMT+0300 (Eastern European Summer Time),1,1
769,Nour,Nour,123,33,Wed Jun 08 1988 04:59:47 GMT+0300 (Eastern European Summer Time),1,1
770,Haneen,Haneen,123,33,Wed Jun 08 1988 04:59:47 GMT+0300 (Eastern European Summer Time),1,1
771,Sara,Sara,123,33,Wed Jun 08 1988 04:59:47 GMT+0300 (Eastern European Summer Time),1,1
772,Salma,Salma,123,33,Wed Jun 08 1988 04:59:47 GMT+0300 (Eastern European Summer Time),1,1
773,Tamer,Tamer,123,33,Wed Jun 08 1988 04:59:47 GMT+0300 (Eastern European Summer Time),1,1
774,Salma,Salma,123,33,Wed Jun 08 1988 04:59:47 GMT+0300 (Eastern European Summer Time),1,1
775,Tamer,Tamer,123,33,Wed Jun 08 1988 04:59:47 GMT+0300 (Eastern European Summer Time),1,1
776,Yomna,Yomna,123,33,Wed Jun 08 1988 04:59:47 GMT+0300 (Eastern European Summer Time),1,1
777,Haneen,Haneen,123,33,Wed Jun 08 1988 04:59:47 GMT+0300 (Eastern European Summer Time),1,1
778,Nour,Nour,123,33,Wed Jun 08 1988 04:59:47 GMT+0300 (Eastern European Summer Time),1,1
779,Salma,Salma,123,33,Wed Jun 08 1988 04:59:47 GMT+0300 (Eastern European Summer Time),1,1
780,Raghda,Raghda,123,33,Wed Jun 08 1988 04:59:47 GMT+0300 (Eastern European Summer Time),1,1
781,Assem,Assem,123,33,Wed Jun 08 1988 04:59:47 GMT+0300 (Eastern European Summer Time),1,1
782,Raghda,Raghda,123,33,Wed Jun 08 1988 04:59:47 GMT+0300 (Eastern European Summer Time),1,1
783,Hagar,Hagar,123,33,Wed Jun 08 1988 04:59:47 GMT+0300 (Eastern European Summer Time),1,1
784,Tamer,Tamer,123,33,Wed Jun 08 1988 04:59:47 GMT+0300 (Eastern European Summer Time),1,1
785,Haneen,Haneen,123,33,Wed Jun 08 1988 04:59:47 GMT+0300 (Eastern European Summer Time),1,1
786,Nour,Nour,123,33,Wed Jun 08 1988 04:59:47 GMT+0300 (Eastern European Summer Time),1,1
787,Salma,Salma,123,33,Wed Jun 08 1988 04:59:47 GMT+0300 (Eastern European Summer Time),1,1
788,Tamer,Tamer,123,33,Wed Jun 08 1988 04:59:47 GMT+0300 (Eastern European Summer Time),1,1
789,Haneen,Haneen,123,33,Wed Jun 08 1988 04:59:47 GMT+0300 (Eastern European Summer Time),1,1
790,Salma,Salma,123,33,Wed Jun 08 1988 04:59:47 GMT+0300 (Eastern European Summer Time),1,1
791,Raghda,Raghda,123,33,Wed Jun 08 1988 04:59:47 GMT+0300 (Eastern European Summer Time),1,1
792,Nour,Nour,123,33,Wed Jun 08 1988 04:59:47 GMT+0300 (Eastern European Summer Time),1,1
793,Hagar,Hagar,123,33,Wed Jun 08 1988 04:59:47 GMT+0300 (Eastern European Summer Time),1,1
794,Raghda,Raghda,123,33,Wed Jun 08 1988 04:59:47 GMT+0300 (Eastern European Summer Time),1,1
795,Tamer,Tamer,123,33,Wed Jun 08 1988 04:59:47 GMT+0300 (Eastern European Summer Time),1,1
796,Sara,Sara,123,33,Wed Jun 08 1988 04:59:47 GMT+0300 (Eastern European Summer Time),1,1
797,Assem,Assem,123,33,Wed Jun 08 1988 04:59:47 GMT+0300 (Eastern European Summer Time),1,1
798,Hagar,Hagar,123,33,Wed Jun 08 1988 04:59:47 GMT+0300 (Eastern European Summer Time),1,1
799,Yomna,Yomna,123,33,Wed Jun 08 1988 04:59:47 GMT+0300 (Eastern European Summer Time),1,1
800,Assem,Assem,123,33,Wed Jun 08 1988 04:59:47 GMT+0300 (Eastern European Summer Time),1,1
801,Assem,Assem,123,33,Wed Jun 08 1988 04:59:47 GMT+0300 (Eastern European Summer Time),1,1
802,Sara,Sara,123,33,Wed Jun 08 1988 04:59:47 GMT+0300 (Eastern European Summer Time),1,1
803,Hagar,Hagar,123,33,Wed Jun 08 1988 04:59:47 GMT+0300 (Eastern European Summer Time),1,1
804,Hagar,Hagar,123,33,Wed Jun 08 1988 04:59:47 GMT+0300 (Eastern European Summer Time),1,1
805,Sara,Sara,123,33,Wed Jun 08 1988 04:59:47 GMT+0300 (Eastern European Summer Time),1,1
806,Assem,Assem,123,33,Wed Jun 08 1988 04:59:47 GMT+0300 (Eastern European Summer Time),1,1
807,Hagar,Hagar,123,33,Wed Jun 08 1988 04:59:47 GMT+0300 (Eastern European Summer Time),1,1
808,Raghda,Raghda,123,33,Wed Jun 08 1988 04:59:47 GMT+0300 (Eastern European Summer Time),1,1
809,Haneen,Haneen,123,33,Wed Jun 08 1988 04:59:47 GMT+0300 (Eastern European Summer Time),1,1
810,Raghda,Raghda,123,33,Wed Jun 08 1988 04:59:47 GMT+0300 (Eastern European Summer Time),1,1
811,Haneen,Haneen,123,33,Wed Jun 08 1988 04:59:47 GMT+0300 (Eastern European Summer Time),1,1
812,Nour,Nour,123,33,Wed Jun 08 1988 04:59:47 GMT+0300 (Eastern European Summer Time),1,1
813,Nour,Nour,123,33,Wed Jun 08 1988 04:59:47 GMT+0300 (Eastern European Summer Time),1,1
814,Assem,Assem,123,33,Wed Jun 08 1988 04:59:47 GMT+0300 (Eastern European Summer Time),1,1
815,Yomna,Yomna,123,33,Wed Jun 08 1988 04:59:47 GMT+0300 (Eastern European Summer Time),1,1
816,Haneen,Haneen,123,33,Wed Jun 08 1988 04:59:47 GMT+0300 (Eastern European Summer Time),1,1
817,Tamer,Tamer,123,33,Wed Jun 08 1988 04:59:47 GMT+0300 (Eastern European Summer Time),1,1
818,Mohamed,Mohamed,123,33,Wed Jun 08 1988 04:59:47 GMT+0300 (Eastern European Summer Time),1,1
819,Tamer,Tamer,123,33,Wed Jun 08 1988 04:59:47 GMT+0300 (Eastern European Summer Time),1,1
820,Assem,Assem,123,33,Wed Jun 08 1988 04:59:47 GMT+0300 (Eastern European Summer Time),1,1
821,Hagar,Hagar,123,33,Wed Jun 08 1988 04:59:47 GMT+0300 (Eastern European Summer Time),1,1
822,Hagar,Hagar,123,33,Wed Jun 08 1988 04:59:47 GMT+0300 (Eastern European Summer Time),1,1
823,Tamer,Tamer,123,33,Wed Jun 08 1988 04:59:47 GMT+0300 (Eastern European Summer Time),1,1
824,Tamer,Tamer,123,33,Wed Jun 08 1988 04:59:47 GMT+0300 (Eastern European Summer Time),1,1
825,Tamer,Tamer,123,33,Wed Jun 08 1988 04:59:47 GMT+0300 (Eastern European Summer Time),1,1
826,Yomna,Yomna,123,33,Wed Jun 08 1988 04:59:47 GMT+0300 (Eastern European Summer Time),1,1
827,Haneen,Haneen,123,33,Wed Jun 08 1988 04:59:47 GMT+0300 (Eastern European Summer Time),1,1
828,Tamer,Tamer,123,33,Wed Jun 08 1988 04:59:47 GMT+0300 (Eastern European Summer Time),1,1
829,Hagar,Hagar,123,33,Wed Jun 08 1988 04:59:47 GMT+0300 (Eastern European Summer Time),1,1
830,Haneen,Haneen,123,33,Wed Jun 08 1988 04:59:47 GMT+0300 (Eastern European Summer Time),1,1
831,Raghda,Raghda,123,33,Wed Jun 08 1988 04:59:47 GMT+0300 (Eastern European Summer Time),1,1
832,Assem,Assem,123,33,Wed Jun 08 1988 04:59:47 GMT+0300 (Eastern European Summer Time),1,1
833,Salma,Salma,123,33,Wed Jun 08 1988 04:59:47 GMT+0300 (Eastern European Summer Time),1,1
834,Hagar,Hagar,123,33,Wed Jun 08 1988 04:59:47 GMT+0300 (Eastern European Summer Time),1,1
835,Assem,Assem,123,33,Wed Jun 08 1988 04:59:47 GMT+0300 (Eastern European Summer Time),1,1
836,Raghda,Raghda,123,33,Wed Jun 08 1988 04:59:47 GMT+0300 (Eastern European Summer Time),1,1
837,Assem,Assem,123,33,Wed Jun 08 1988 04:59:47 GMT+0300 (Eastern European Summer Time),1,1
838,Haneen,Haneen,123,33,Wed Jun 08 1988 04:59:47 GMT+0300 (Eastern European Summer Time),1,1
839,Hagar,Hagar,123,33,Wed Jun 08 1988 04:59:47 GMT+0300 (Eastern European Summer Time),1,1
840,Sara,Sara,123,33,Wed Jun 08 1988 04:59:47 GMT+0300 (Eastern European Summer Time),1,1
841,Assem,Assem,123,33,Wed Jun 08 1988 04:59:47 GMT+0300 (Eastern European Summer Time),1,1
842,Salma,Salma,123,33,Wed Jun 08 1988 04:59:47 GMT+0300 (Eastern European Summer Time),1,1
843,Sara,Sara,123,33,Wed Jun 08 1988 04:59:47 GMT+0300 (Eastern European Summer Time),1,1
844,Raghda,Raghda,123,33,Wed Jun 08 1988 04:59:47 GMT+0300 (Eastern European Summer Time),1,1
845,Hagar,Hagar,123,33,Wed Jun 08 1988 04:59:47 GMT+0300 (Eastern European Summer Time),1,1
846,Hagar,Hagar,123,33,Wed Jun 08 1988 04:59:47 GMT+0300 (Eastern European Summer Time),1,1
847,Yomna,Yomna,123,33,Wed Jun 08 1988 04:59:47 GMT+0300 (Eastern European Summer Time),1,1
848,Mohamed,Mohamed,123,33,Wed Jun 08 1988 04:59:47 GMT+0300 (Eastern European Summer Time),1,1
849,Assem,Assem,123,33,Wed Jun 08 1988 04:59:47 GMT+0300 (Eastern European Summer Time),1,1
850,Hagar,Hagar,123,33,Wed Jun 08 1988 04:59:47 GMT+0300 (Eastern European Summer Time),1,1
851,Yomna,Yomna,123,33,Wed Jun 08 1988 04:59:47 GMT+0300 (Eastern European Summer Time),1,1
852,Assem,Assem,123,33,Wed Jun 08 1988 04:59:47 GMT+0300 (Eastern European Summer Time),1,1
853,Sara,Sara,123,33,Wed Jun 08 1988 04:59:47 GMT+0300 (Eastern European Summer Time),1,1
854,Sara,Sara,123,33,Wed Jun 08 1988 04:59:47 GMT+0300 (Eastern European Summer Time),1,1
855,Salma,Salma,123,33,Wed Jun 08 1988 04:59:47 GMT+0300 (Eastern European Summer Time),1,1
856,Yomna,Yomna,123,33,Wed Jun 08 1988 04:59:47 GMT+0300 (Eastern European Summer Time),1,1
857,Tamer,Tamer,123,33,Wed Jun 08 1988 04:59:47 GMT+0300 (Eastern European Summer Time),1,1
858,Raghda,Raghda,123,33,Wed Jun 08 1988 04:59:47 GMT+0300 (Eastern European Summer Time),1,1
859,Hagar,Hagar,123,33,Wed Jun 08 1988 04:59:47 GMT+0300 (Eastern European Summer Time),1,1
860,Salma,Salma,123,33,Wed Jun 08 1988 04:59:47 GMT+0300 (Eastern European Summer Time),1,1
861,Tamer,Tamer,123,33,Wed Jun 08 1988 04:59:47 GMT+0300 (Eastern European Summer Time),1,1
862,Assem,Assem,123,33,Wed Jun 08 1988 04:59:47 GMT+0300 (Eastern European Summer Time),1,1
863,Sara,Sara,123,33,Wed Jun 08 1988 04:59:47 GMT+0300 (Eastern European Summer Time),1,1
864,Haneen,Haneen,123,33,Wed Jun 08 1988 04:59:47 GMT+0300 (Eastern European Summer Time),1,1
865,Assem,Assem,123,33,Wed Jun 08 1988 04:59:47 GMT+0300 (Eastern European Summer Time),1,1
866,Yomna,Yomna,123,33,Wed Jun 08 1988 04:59:47 GMT+0300 (Eastern European Summer Time),1,1
867,Hagar,Hagar,123,33,Wed Jun 08 1988 04:59:47 GMT+0300 (Eastern European Summer Time),1,1
868,Nour,Nour,123,33,Wed Jun 08 1988 04:59:47 GMT+0300 (Eastern European Summer Time),1,1
869,Yomna,Yomna,123,33,Wed Jun 08 1988 04:59:47 GMT+0300 (Eastern European Summer Time),1,1
870,Hagar,Hagar,123,33,Wed Jun 08 1988 04:59:47 GMT+0300 (Eastern European Summer Time),1,1
871,Tamer,Tamer,123,33,Wed Jun 08 1988 04:59:47 GMT+0300 (Eastern European Summer Time),1,1
872,Yomna,Yomna,123,33,Wed Jun 08 1988 04:59:47 GMT+0300 (Eastern European Summer Time),1,1
873,Hagar,Hagar,123,33,Wed Jun 08 1988 04:59:47 GMT+0300 (Eastern European Summer Time),1,1
874,Sara,Sara,123,33,Wed Jun 08 1988 04:59:47 GMT+0300 (Eastern European Summer Time),1,1
875,Raghda,Raghda,123,33,Wed Jun 08 1988 04:59:47 GMT+0300 (Eastern European Summer Time),1,1
876,Salma,Salma,123,33,Wed Jun 08 1988 04:59:47 GMT+0300 (Eastern European Summer Time),1,1
877,Sara,Sara,123,33,Wed Jun 08 1988 04:59:47 GMT+0300 (Eastern European Summer Time),1,1
878,Sara,Sara,123,33,Wed Jun 08 1988 04:59:47 GMT+0300 (Eastern European Summer Time),1,1
879,Haneen,Haneen,123,33,Wed Jun 08 1988 04:59:47 GMT+0300 (Eastern European Summer Time),1,1
880,Yomna,Yomna,123,33,Wed Jun 08 1988 04:59:47 GMT+0300 (Eastern European Summer Time),1,1
881,Haneen,Haneen,123,33,Wed Jun 08 1988 04:59:47 GMT+0300 (Eastern European Summer Time),1,1
882,Assem,Assem,123,33,Wed Jun 08 1988 04:59:47 GMT+0300 (Eastern European Summer Time),1,1
883,Raghda,Raghda,123,33,Wed Jun 08 1988 04:59:47 GMT+0300 (Eastern European Summer Time),1,1
884,Salma,Salma,123,33,Wed Jun 08 1988 04:59:47 GMT+0300 (Eastern European Summer Time),1,1
885,Sara,Sara,123,33,Wed Jun 08 1988 04:59:47 GMT+0300 (Eastern European Summer Time),1,1
886,Mohamed,Mohamed,123,33,Wed Jun 08 1988 04:59:47 GMT+0300 (Eastern European Summer Time),1,1
887,Nour,Nour,123,33,Wed Jun 08 1988 04:59:47 GMT+0300 (Eastern European Summer Time),1,1
888,Assem,Assem,123,33,Wed Jun 08 1988 04:59:47 GMT+0300 (Eastern European Summer Time),1,1
889,Yomna,Yomna,123,33,Wed Jun 08 1988 04:59:47 GMT+0300 (Eastern European Summer Time),1,1
890,Mohamed,Mohamed,123,33,Wed Jun 08 1988 04:59:47 GMT+0300 (Eastern European Summer Time),1,1
891,Tamer,Tamer,123,33,Wed Jun 08 1988 04:59:47 GMT+0300 (Eastern European Summer Time),1,1
892,Raghda,Raghda,123,33,Wed Jun 08 1988 04:59:47 GMT+0300 (Eastern European Summer Time),1,1
893,Hagar,Hagar,123,33,Wed Jun 08 1988 04:59:47 GMT+0300 (Eastern European Summer Time),1,1
894,Nour,Nour,123,33,Wed Jun 08 1988 04:59:47 GMT+0300 (Eastern European Summer Time),1,1
895,Sara,Sara,123,33,Wed Jun 08 1988 04:59:47 GMT+0300 (Eastern European Summer Time),1,1
896,Raghda,Raghda,123,33,Wed Jun 08 1988 04:59:47 GMT+0300 (Eastern European Summer Time),1,1
897,Mohamed,Mohamed,123,33,Wed Jun 08 1988 04:59:47 GMT+0300 (Eastern European Summer Time),1,1
898,Mohamed,Mohamed,123,33,Wed Jun 08 1988 04:59:47 GMT+0300 (Eastern European Summer Time),1,1
899,Sara,Sara,123,33,Wed Jun 08 1988 04:59:47 GMT+0300 (Eastern European Summer Time),1,1
900,Hagar,Hagar,123,33,Wed Jun 08 1988 04:59:47 GMT+0300 (Eastern European Summer Time),1,1
901,Assem,Assem,123,33,Wed Jun 08 1988 04:59:47 GMT+0300 (Eastern European Summer Time),1,1
902,Salma,Salma,123,33,Wed Jun 08 1988 04:59:47 GMT+0300 (Eastern European Summer Time),1,1
903,Tamer,Tamer,123,33,Wed Jun 08 1988 04:59:47 GMT+0300 (Eastern European Summer Time),1,1
904,Salma,Salma,123,33,Wed Jun 08 1988 04:59:47 GMT+0300 (Eastern European Summer Time),1,1
905,Tamer,Tamer,123,33,Wed Jun 08 1988 04:59:47 GMT+0300 (Eastern European Summer Time),1,1
906,Haneen,Haneen,123,33,Wed Jun 08 1988 04:59:47 GMT+0300 (Eastern European Summer Time),1,1
907,Raghda,Raghda,123,33,Wed Jun 08 1988 04:59:47 GMT+0300 (Eastern European Summer Time),1,1
908,Raghda,Raghda,123,33,Wed Jun 08 1988 04:59:47 GMT+0300 (Eastern European Summer Time),1,1
909,Sara,Sara,123,33,Wed Jun 08 1988 04:59:47 GMT+0300 (Eastern European Summer Time),1,1
910,Hagar,Hagar,123,33,Wed Jun 08 1988 04:59:47 GMT+0300 (Eastern European Summer Time),1,1
911,Salma,Salma,123,33,Wed Jun 08 1988 04:59:47 GMT+0300 (Eastern European Summer Time),1,1
912,Mohamed,Mohamed,123,33,Wed Jun 08 1988 04:59:47 GMT+0300 (Eastern European Summer Time),1,1
913,Haneen,Haneen,123,33,Wed Jun 08 1988 04:59:47 GMT+0300 (Eastern European Summer Time),1,1
914,Tamer,Tamer,123,33,Wed Jun 08 1988 04:59:47 GMT+0300 (Eastern European Summer Time),1,1
915,Assem,Assem,123,33,Wed Jun 08 1988 04:59:47 GMT+0300 (Eastern European Summer Time),1,1
916,Sara,Sara,123,33,Wed Jun 08 1988 04:59:47 GMT+0300 (Eastern European Summer Time),1,1
917,Salma,Salma,123,33,Wed Jun 08 1988 04:59:47 GMT+0300 (Eastern European Summer Time),1,1
918,Salma,Salma,123,33,Wed Jun 08 1988 04:59:47 GMT+0300 (Eastern European Summer Time),1,1
919,Salma,Salma,123,33,Wed Jun 08 1988 04:59:47 GMT+0300 (Eastern European Summer Time),1,1
920,Nour,Nour,123,33,Wed Jun 08 1988 04:59:47 GMT+0300 (Eastern European Summer Time),1,1
921,Haneen,Haneen,123,33,Wed Jun 08 1988 04:59:47 GMT+0300 (Eastern European Summer Time),1,1
922,Salma,Salma,123,33,Wed Jun 08 1988 04:59:47 GMT+0300 (Eastern European Summer Time),1,1
923,Sara,Sara,123,33,Wed Jun 08 1988 04:59:47 GMT+0300 (Eastern European Summer Time),1,1
924,Hagar,Hagar,123,33,Wed Jun 08 1988 04:59:47 GMT+0300 (Eastern European Summer Time),1,1
925,Hagar,Hagar,123,33,Wed Jun 08 1988 04:59:47 GMT+0300 (Eastern European Summer Time),1,1
926,Yomna,Yomna,123,33,Wed Jun 08 1988 04:59:47 GMT+0300 (Eastern European Summer Time),1,1
927,Salma,Salma,123,33,Wed Jun 08 1988 04:59:47 GMT+0300 (Eastern European Summer Time),1,1
928,Assem,Assem,123,33,Wed Jun 08 1988 04:59:47 GMT+0300 (Eastern European Summer Time),1,1
929,Haneen,Haneen,123,33,Wed Jun 08 1988 04:59:47 GMT+0300 (Eastern European Summer Time),1,1
930,Nour,Nour,123,33,Wed Jun 08 1988 04:59:47 GMT+0300 (Eastern European Summer Time),1,1
931,Raghda,Raghda,123,33,Wed Jun 08 1988 04:59:47 GMT+0300 (Eastern European Summer Time),1,1
932,Mohamed,Mohamed,123,33,Wed Jun 08 1988 04:59:47 GMT+0300 (Eastern European Summer Time),1,1
933,Tamer,Tamer,123,33,Wed Jun 08 1988 04:59:47 GMT+0300 (Eastern European Summer Time),1,1
934,Hagar,Hagar,123,33,Wed Jun 08 1988 04:59:47 GMT+0300 (Eastern European Summer Time),1,1
935,Sara,Sara,123,33,Wed Jun 08 1988 04:59:47 GMT+0300 (Eastern European Summer Time),1,1
936,Raghda,Raghda,123,33,Wed Jun 08 1988 04:59:47 GMT+0300 (Eastern European Summer Time),1,1
937,Assem,Assem,123,33,Wed Jun 08 1988 04:59:47 GMT+0300 (Eastern European Summer Time),1,1
938,Salma,Salma,123,33,Wed Jun 08 1988 04:59:47 GMT+0300 (Eastern European Summer Time),1,1
939,Hagar,Hagar,123,33,Wed Jun 08 1988 04:59:47 GMT+0300 (Eastern European Summer Time),1,1
940,Hagar,Hagar,123,33,Wed Jun 08 1988 04:59:47 GMT+0300 (Eastern European Summer Time),1,1
941,Salma,Salma,123,33,Wed Jun 08 1988 04:59:47 GMT+0300 (Eastern European Summer Time),1,1
942,Nour,Nour,123,33,Wed Jun 08 1988 04:59:47 GMT+0300 (Eastern European Summer Time),1,1
943,Hagar,Hagar,123,33,Wed Jun 08 1988 04:59:47 GMT+0300 (Eastern European Summer Time),1,1
944,Raghda,Raghda,123,33,Wed Jun 08 1988 04:59:47 GMT+0300 (Eastern European Summer Time),1,1
945,Salma,Salma,123,33,Wed Jun 08 1988 04:59:47 GMT+0300 (Eastern European Summer Time),1,1
946,Mohamed,Mohamed,123,33,Wed Jun 08 1988 04:59:47 GMT+0300 (Eastern European Summer Time),1,1
947,Yomna,Yomna,123,33,Wed Jun 08 1988 04:59:47 GMT+0300 (Eastern European Summer Time),1,1
948,Tamer,Tamer,123,33,Wed Jun 08 1988 04:59:47 GMT+0300 (Eastern European Summer Time),1,1
949,Yomna,Yomna,123,33,Wed Jun 08 1988 04:59:47 GMT+0300 (Eastern European Summer Time),1,1
950,Sara,Sara,123,33,Wed Jun 08 1988 04:59:47 GMT+0300 (Eastern European Summer Time),1,1
951,Mohamed,Mohamed,123,33,Wed Jun 08 1988 04:59:47 GMT+0300 (Eastern European Summer Time),1,1
952,Raghda,Raghda,123,33,Wed Jun 08 1988 04:59:47 GMT+0300 (Eastern European Summer Time),1,1
953,Nour,Nour,123,33,Wed Jun 08 1988 04:59:47 GMT+0300 (Eastern European Summer Time),1,1
954,Nour,Nour,123,33,Wed Jun 08 1988 04:59:47 GMT+0300 (Eastern European Summer Time),1,1
955,Hagar,Hagar,123,33,Wed Jun 08 1988 04:59:47 GMT+0300 (Eastern European Summer Time),1,1
956,Raghda,Raghda,123,33,Wed Jun 08 1988 04:59:47 GMT+0300 (Eastern European Summer Time),1,1
957,Tamer,Tamer,123,33,Wed Jun 08 1988 04:59:47 GMT+0300 (Eastern European Summer Time),1,1
958,Nour,Nour,123,33,Wed Jun 08 1988 04:59:47 GMT+0300 (Eastern European Summer Time),1,1
959,Yomna,Yomna,123,33,Wed Jun 08 1988 04:59:47 GMT+0300 (Eastern European Summer Time),1,1
960,Hagar,Hagar,123,33,Wed Jun 08 1988 04:59:47 GMT+0300 (Eastern European Summer Time),1,1
961,Sara,Sara,123,33,Wed Jun 08 1988 04:59:47 GMT+0300 (Eastern European Summer Time),1,1
962,Tamer,Tamer,123,33,Wed Jun 08 1988 04:59:47 GMT+0300 (Eastern European Summer Time),1,1
963,Salma,Salma,123,33,Wed Jun 08 1988 04:59:47 GMT+0300 (Eastern European Summer Time),1,1
964,Mohamed,Mohamed,123,33,Wed Jun 08 1988 04:59:47 GMT+0300 (Eastern European Summer Time),1,1
965,Tamer,Tamer,123,33,Wed Jun 08 1988 04:59:47 GMT+0300 (Eastern European Summer Time),1,1
966,Nour,Nour,123,33,Wed Jun 08 1988 04:59:47 GMT+0300 (Eastern European Summer Time),1,1
967,Salma,Salma,123,33,Wed Jun 08 1988 04:59:47 GMT+0300 (Eastern European Summer Time),1,1
968,Raghda,Raghda,123,33,Wed Jun 08 1988 04:59:47 GMT+0300 (Eastern European Summer Time),1,1
969,Mohamed,Mohamed,123,33,Wed Jun 08 1988 04:59:47 GMT+0300 (Eastern European Summer Time),1,1
970,Raghda,Raghda,123,33,Wed Jun 08 1988 04:59:47 GMT+0300 (Eastern European Summer Time),1,1
971,Hagar,Hagar,123,33,Wed Jun 08 1988 04:59:47 GMT+0300 (Eastern European Summer Time),1,1
972,Raghda,Raghda,123,33,Wed Jun 08 1988 04:59:47 GMT+0300 (Eastern European Summer Time),1,1
973,Raghda,Raghda,123,33,Wed Jun 08 1988 04:59:47 GMT+0300 (Eastern European Summer Time),1,1
974,Yomna,Yomna,123,33,Wed Jun 08 1988 04:59:47 GMT+0300 (Eastern European Summer Time),1,1
975,Salma,Salma,123,33,Wed Jun 08 1988 04:59:47 GMT+0300 (Eastern European Summer Time),1,1
976,Sara,Sara,123,33,Wed Jun 08 1988 04:59:47 GMT+0300 (Eastern European Summer Time),1,1
977,Salma,Salma,123,33,Wed Jun 08 1988 04:59:47 GMT+0300 (Eastern European Summer Time),1,1
978,Assem,Assem,123,33,Wed Jun 08 1988 04:59:47 GMT+0300 (Eastern European Summer Time),1,1
979,Salma,Salma,123,33,Wed Jun 08 1988 04:59:47 GMT+0300 (Eastern European Summer Time),1,1
980,Sara,Sara,123,33,Wed Jun 08 1988 04:59:47 GMT+0300 (Eastern European Summer Time),1,1
981,Salma,Salma,123,33,Wed Jun 08 1988 04:59:47 GMT+0300 (Eastern European Summer Time),1,1
982,Nour,Nour,123,33,Wed Jun 08 1988 04:59:47 GMT+0300 (Eastern European Summer Time),1,1
983,Hagar,Hagar,123,33,Wed Jun 08 1988 04:59:47 GMT+0300 (Eastern European Summer Time),1,1
984,Tamer,Tamer,123,33,Wed Jun 08 1988 04:59:47 GMT+0300 (Eastern European Summer Time),1,1
985,Yomna,Yomna,123,33,Wed Jun 08 1988 04:59:47 GMT+0300 (Eastern European Summer Time),1,1
986,Hagar,Hagar,123,33,Wed Jun 08 1988 04:59:47 GMT+0300 (Eastern European Summer Time),1,1
987,Mohamed,Mohamed,123,33,Wed Jun 08 1988 04:59:47 GMT+0300 (Eastern European Summer Time),1,1
988,Salma,Salma,123,33,Wed Jun 08 1988 04:59:47 GMT+0300 (Eastern European Summer Time),1,1
989,Nour,Nour,123,33,Wed Jun 08 1988 04:59:47 GMT+0300 (Eastern European Summer Time),1,1
990,Nour,Nour,123,33,Wed Jun 08 1988 04:59:47 GMT+0300 (Eastern European Summer Time),1,1
991,Hagar,Hagar,123,33,Wed Jun 08 1988 04:59:47 GMT+0300 (Eastern European Summer Time),1,1
992,Raghda,Raghda,123,33,Wed Jun 08 1988 04:59:47 GMT+0300 (Eastern European Summer Time),1,1
993,Salma,Salma,123,33,Wed Jun 08 1988 04:59:47 GMT+0300 (Eastern European Summer Time),1,1
994,Tamer,Tamer,123,33,Wed Jun 08 1988 04:59:47 GMT+0300 (Eastern European Summer Time),1,1
995,Haneen,Haneen,123,33,Wed Jun 08 1988 04:59:47 GMT+0300 (Eastern European Summer Time),1,1
996,Tamer,Tamer,123,33,Wed Jun 08 1988 04:59:47 GMT+0300 (Eastern European Summer Time),1,1
997,Haneen,Haneen,123,33,Wed Jun 08 1988 04:59:47 GMT+0300 (Eastern European Summer Time),1,1
998,Nour,Nour,123,33,Wed Jun 08 1988 04:59:47 GMT+0300 (Eastern European Summer Time),1,1
999,Assem,Assem,123,33,Wed Jun 08 1988 04:59:47 GMT+0300 (Eastern European Summer Time),1,1
